amp,std
0.0,0.0
1.5211640789312397e-6,2.0893304212348633e-9
5.787196925318124e-6,9.784649336964159e-9
1.2587377605511089e-5,2.3637299356468245e-8
2.137850720819766e-5,4.333893630576924e-8
3.198701787460748e-5,6.964732586745322e-8
4.4040416700711356e-5,1.0263842196319937e-7
5.727495116592807e-5,1.4224331511415976e-7
7.15455054002238e-5,1.8886617444159204e-7
8.652487460963234e-5,2.4208508990421285e-7
0.00010199648001753042,3.009740197300094e-7
0.00011794287725617762,3.669602846932962e-7
0.0001341956581681054,4.380337215713495e-7
0.0001505691512613663,5.151018032769457e-7
0.00016703458887187416,5.966613265409578e-7
0.00018354947788190408,6.847316991596832e-7
0.00020019849623905618,7.773890945389847e-7
0.00021689479696399884,8.756682457503109e-7
0.00023340144199969864,9.790902152215648e-7
0.000249571810762073,1.0834279350239025e-6
0.0002657845896997801,1.19258458829311e-6
