amp,std
0.0,0.0
1.5231997337625087e-6,2.0854883498850234e-9
5.777625128072692e-6,9.794155516316007e-9
1.2594411270265189e-5,2.3653255096098176e-8
2.136326978576934e-5,4.3372054719461325e-8
3.200601304684373e-5,6.998438766777526e-8
4.399361323810072e-5,1.0288137147645242e-7
5.7275977788862684e-5,1.4278936866696132e-7
7.150677491183104e-5,1.8915758537203633e-7
8.64083198631795e-5,2.4216405828077067e-7
0.0001019575457691141,3.0162099965075894e-7
0.00011785341260631729,3.6693025571476525e-7
0.00013422742370164557,4.3861693178166676e-7
0.00015065059403188174,5.153936268152658e-7
0.00016733409529932246,5.979581559215303e-7
0.00018406966766434376,6.857811894031001e-7
0.0002007763680534646,7.786346755656798e-7
0.0002173138984801487,8.745610084656084e-7
0.00023376094639057814,9.74949712291548e-7
0.00025013690158097105,1.080792304941968e-6
0.0002663981532352327,1.190341664225811e-6
