amp,std
0.0,0.0
9.49410055829463e-7,4.426407023352307e-9
2.808310266496102e-6,1.5782863280132754e-8
4.860645314753993e-6,3.051043881760721e-8
6.840508299372108e-6,4.689919964355167e-8
8.72900893469652e-6,6.464161602703802e-8
1.0388776621413567e-5,8.223558021854085e-8
1.1899469139633038e-5,9.97759584020654e-8
1.3313417176967755e-5,1.1816582084559589e-7
1.455557581832079e-5,1.3594511765155706e-7
1.5654010385035367e-5,1.528203449065317e-7
1.6688906408073134e-5,1.7071497693170233e-7
1.7582074556459607e-5,1.8670734826343156e-7
1.8433593369942358e-5,2.0320707381138504e-7
1.918897205440767e-5,2.1893539757815582e-7
1.9861875703067824e-5,2.333320000743333e-7
2.0484577247992257e-5,2.4789957298713063e-7
2.10606493788078e-5,2.6228474542645425e-7
2.1597792518030283e-5,2.765407995686033e-7
2.207469875963193e-5,2.8919875803350144e-7
2.2505693982362515e-5,3.0279464896369257e-7
