amp,std
0.0,0.0
1.5952961627849012,0.025320073977902136
9.59217455757135,0.17676567215378017
32.59181923396878,0.5871209004775904
79.00981100517626,1.4690570112257624
164.23905507565013,3.0639894838071755
299.19203954241846,5.668250464438516
504.1658336924405,9.571961683731276
798.3818737785957,15.787271566213484
1208.189694599593,24.37056189194937
1766.363292181501,36.18673386595137
2482.0221999704563,51.907094114366785
3409.7003509009073,72.74503928870648
4509.05482431907,97.83951203735859
5937.059263123052,128.02727148131925
7618.852569388664,166.47527738377477
9688.725680657195,216.45098662478946
12119.62219044962,276.9515625478191
14931.326738792144,343.43199102521675
18169.861714567887,423.35528638596804
22142.444807813692,523.5528456632842
