amp,std
0.0,0.0
1.50726642420028e-6,2.062272073763962e-9
5.697907660720557e-6,9.638578827211363e-9
1.2352638164014725e-5,2.3162973100522057e-8
2.091836430946744e-5,4.250534921214573e-8
3.113182050128716e-5,6.802394445789103e-8
4.260463641803656e-5,9.962145591418455e-8
5.512497853129562e-5,1.3736190641895633e-7
6.843153439790942e-5,1.8077206342994817e-7
8.246669239234357e-5,2.313797380203171e-7
9.689557020004653e-5,2.872727903789141e-7
0.00011153759630943105,3.477522711887675e-7
0.00012653387874534755,4.1467668234323457e-7
0.00014155035873853562,4.860656933361208e-7
0.0001565361950044415,5.606925899763476e-7
0.00017162679266142448,6.413655704078652e-7
0.00018652421219982667,7.24825152754953e-7
0.00020128649774468437,8.125156100947651e-7
0.00021600245302969,9.039108820085285e-7
0.00023048869725467277,9.997459319278403e-7
0.0002449825232093819,1.0991789255303863e-6
