amp,std
0.0,0.0
3.43670099922173e-18,3.476639464541238e-20
6.305861829292871e-18,8.265442752808508e-20
6.7974332200908065e-18,9.584098049344546e-20
6.914230681359605e-18,1.0057150406308796e-19
6.941944587298573e-18,1.0245554668541952e-19
6.94982946901011e-18,1.0320463372774098e-19
6.953499997668958e-18,1.0384480216912734e-19
6.954869104764068e-18,1.0419384696894554e-19
6.955480835593107e-18,1.0440208266996881e-19
6.956140791335516e-18,1.0485841088560943e-19
6.956240373739109e-18,1.0487560832834252e-19
6.956279517705623e-18,1.0488671350767667e-19
6.95630978633276e-18,1.0489471792369692e-19
6.956144214405989e-18,1.0506597090885324e-19
6.95615004534496e-18,1.0506883405744615e-19
6.956160847457513e-18,1.0507384837021592e-19
6.95616430872182e-18,1.0507580461170432e-19
6.956165168419235e-18,1.050759993071626e-19
6.956165871035722e-18,1.0507616475417077e-19
6.956166385218535e-18,1.0507618649177714e-19
