amp,std
0.0,0.0
-0.1057539071701531,0.0008572103913858256
-0.7713997806913498,0.009272894234309239
-2.450192389747735,0.03342996941333362
-5.5267563450645945,0.0832292780848336
-10.237728663805338,0.17213075926486426
-17.110898125410817,0.32408865756113464
-26.305185225995025,0.5201161981558738
-37.74886799225448,0.7718702674389757
-51.96973340572926,1.1127340366732443
-70.43879897214154,1.7738188439542366
-91.86515153536283,2.4145034552090525
-118.80961461716211,3.391935662136913
-148.90855385377625,5.471763609368285
-181.8912367878034,6.429700490253269
-221.0161699598543,7.835202617560674
-265.39179681761414,9.122231776183861
-313.91468532901075,10.610536550235834
-370.11301840842856,12.93903779351458
-430.4376917772356,14.988482211320601
-495.09515886915784,15.269595121934726
