amp,std
0.0,0.0
-0.1052586750414895,0.0008496254658998622
-0.7610806754619686,0.00917673710373882
-2.4350795619914996,0.033018891951753185
-5.444705126741578,0.08147649761168088
-10.140154070220653,0.169009250788217
-16.920220836939325,0.2960324269499238
-26.451596139168792,0.5120959367501701
-37.92222749003961,0.7701925994565813
-52.42352360768085,1.1354540406654432
-70.05515364065329,1.6059173878100825
-92.12639529742503,2.276737416008305
-116.82572779519418,2.9887823824555104
-145.92852786803797,4.018906917468854
-179.76071823916237,4.949918073888029
-217.47337360798196,6.017699350730766
-264.44043008294875,8.307114332694333
-313.7425325862539,9.936945331265298
-367.7816644162831,11.909469747595718
-430.9329864116753,15.425086630298154
-499.37624665849444,15.763213898525395
