amp,std
0.0,0.0
-0.10378925753790919,0.0008530892402589006
-0.7805829544087901,0.009421591464578603
-2.4653210171605773,0.0338418341973219
-5.4910688282516755,0.08128037856246592
-10.322606339413731,0.16777353184246735
-17.08042450408924,0.3054663819090078
-25.975716174287776,0.4928782268893591
-37.27642659649172,0.7310443474810427
-51.37416733128227,1.0924924711748836
-68.76587854199563,1.546929470211919
-90.29756185157028,2.2227966672461736
-115.8604310698306,3.212603927576221
-146.24520104893313,4.183794158898231
-178.9234670999811,5.045375932785905
-218.20576978367208,6.28628918201465
-266.5374671461505,8.872115496709517
-314.92528026930086,10.478146526123298
-367.2511335395722,12.154845251956282
-431.1729836317467,15.004304677212971
-497.65272220843093,15.320225421131523
