amp,std
0.0,0.0
-0.10480144229885084,0.0008509283851050563
-0.7660454078702092,0.009283972784033747
-2.452971045356578,0.033718386005262446
-5.558430848785521,0.08446677128449244
-10.295946370340166,0.1716561066135931
-17.02441479676988,0.314813174418634
-26.339502984972576,0.5524142498985987
-37.70623638149973,0.7834881598445744
-52.3855788138142,1.1637505560025918
-69.69887711432574,1.5913470899956434
-91.1813196635861,2.370712181164805
-116.25506366249309,3.185715610310137
-143.9668544798896,3.8997157442840003
-178.27142884775503,4.963085673830243
-218.140455975704,6.700427501457898
-260.2155748591293,7.993749611323946
-307.2639321993574,9.693534808915514
-363.24890806706435,12.17394146682828
-420.8989399864968,13.894373782835418
-488.39125243001536,14.246768241604768
