amp,std
0.0,0.0
1.038856002423135e-6,1.4952612609818694e-8
3.195981102840049e-6,5.526787210438526e-8
5.783071037796001e-6,1.1252007252547027e-7
8.530995671782974e-6,1.8130751434301537e-7
1.13494220753153e-5,2.607229321580187e-7
1.3957328560640434e-5,3.4011267409432813e-7
1.6381677021824122e-5,4.315619677699292e-7
1.8745015452600385e-5,5.243160111012764e-7
2.0865144286482912e-5,6.144564612330528e-7
2.2967223743237932e-5,7.083776038865624e-7
2.4794945796102074e-5,7.954616699146866e-7
2.6752355389509576e-5,9.02576425218897e-7
2.867138391608098e-5,1.0111119949718463e-6
3.037384220887032e-5,1.11089024511625e-6
3.195846958358199e-5,1.212114544708504e-6
3.343042215266043e-5,1.3185302980420338e-6
3.479000194977809e-5,1.4156158937006892e-6
3.597471876623023e-5,1.4983154433125828e-6
3.726840231449083e-5,1.6153231911380848e-6
3.83955405831806e-5,1.7219992826400796e-6
