amp,std
0.0,0.0
1.070199273074241e-6,1.5713468955077883e-8
3.1894688094729243e-6,5.635484076849816e-8
5.889013957620555e-6,1.1565735848736278e-7
8.636276348586989e-6,1.865327739103973e-7
1.136049757298942e-5,2.658579352051706e-7
1.397529690345785e-5,3.506337070160834e-7
1.635632574333943e-5,4.3245050553827315e-7
1.875834851022908e-5,5.252391156746418e-7
2.12455462434603e-5,6.316488327020925e-7
2.3397199040136078e-5,7.345148471169042e-7
2.5350224909043137e-5,8.41335188907018e-7
2.725483875598263e-5,9.382703488786104e-7
2.8934544261372046e-5,1.03346287351745e-6
3.0652759558897445e-5,1.1537998884566588e-6
3.229762730423964e-5,1.2633289953860686e-6
3.384629046834517e-5,1.3770334744893487e-6
3.528530236781952e-5,1.4706413679954937e-6
3.650259725950312e-5,1.547504804637646e-6
3.778273906245069e-5,1.6642953146369659e-6
3.8733336761544544e-5,1.740287955390648e-6
