amp,std
0.0,0.0
2.234528657847603e-6,3.624779619480345e-9
1.0468931101873315e-5,1.9941957888411513e-8
2.763615726760864e-5,5.539424823861597e-8
5.496520840752906e-5,1.1493680485622027e-7
9.395388178788085e-5,2.047584561642255e-7
0.00014486144663781886,3.3048813587162507e-7
0.00020826780056676822,4.978756912563391e-7
0.00028397117650122525,7.115062062606121e-7
0.00037226922178608586,9.836113055822124e-7
0.00047215343920648813,1.3123645298065307e-6
0.0005828988199098354,1.6994105933965567e-6
0.0007051934620093047,2.157100931407054e-6
0.0008373045545620706,2.68104161125413e-6
0.0009787312568331178,3.2706642689312457e-6
0.0011300244821825273,3.9455897453380105e-6
0.0012890283368502805,4.690213527242277e-6
0.00145566142868691,5.519117894411033e-6
0.0016307003343813146,6.424671892550434e-6
0.0018121429765035086,7.421318992148034e-6
0.0020022117117559912,8.505416737157499e-6
