amp,std
0.0,0.0
2.2406218943465536e-6,3.642779077739087e-9
1.0486301626980458e-5,2.0060318819589283e-8
2.7664653993329514e-5,5.5682225982614074e-8
5.505985249785282e-5,1.153351979716682e-7
9.399017929068877e-5,2.0496610185040044e-7
0.00014497799777265862,3.309561269378684e-7
0.00020886572388549958,4.993259441737143e-7
0.00028452813764702305,7.139093939194644e-7
0.0003725785229265271,9.83461966069252e-7
0.0004723851385683357,1.3106051457523462e-6
0.0005833682524366661,1.6993242756683463e-6
0.000704035558871766,2.1464956957122436e-6
0.000836704398262642,2.6720066020839367e-6
0.0009788232872887403,3.2674675879579395e-6
0.0011286889835609095,3.933398230202357e-6
0.001289602757688087,4.6944512988739015e-6
0.001456322119949046,5.522692521959538e-6
0.0016312283636265906,6.434058787347237e-6
0.001812484000688074,7.419640148805232e-6
0.0020019062950687775,8.503877230127722e-6
