amp,std
0.0,0.0
2.22826756178305e-6,3.6295224798308196e-9
1.0509596069289466e-5,2.0008804220484246e-8
2.769604043889079e-5,5.547812662701631e-8
5.49306108691662e-5,1.1473190594611523e-7
9.40192636851554e-5,2.0500523349137062e-7
0.00014466508961801224,3.3055708495017485e-7
0.00020811103910576466,4.988054765592555e-7
0.00028392874887610514,7.136429439088793e-7
0.00037187307436223707,9.831658993137506e-7
0.00047170558940908127,1.3088618701796913e-6
0.0005829919540927793,1.6994087680288491e-6
0.0007051338845829323,2.152842736253122e-6
0.0008370108652529612,2.6720008315726757e-6
0.0009793757649201606,3.2679237407359745e-6
0.0011313364225856925,3.941677181864686e-6
0.0012916543399564507,4.6972119876129555e-6
0.0014596910182330587,5.5248343808803466e-6
0.0016343238271132464,6.426146210978245e-6
0.001816057559753833,7.413216093418038e-6
0.002004023591457403,8.480964523064208e-6
