amp,std
0.0,0.0
2.236279894892477e-6,3.632966093914967e-9
1.0466793016697778e-5,2.001394908373242e-8
2.7715579910340415e-5,5.558293893536555e-8
5.4907578759156487e-5,1.1434216137979714e-7
9.385913039221421e-5,2.0386984117695793e-7
0.00014484473566332443,3.29920860988158e-7
0.00020827540653214368,4.970879472644034e-7
0.0002841005615873757,7.130259488008633e-7
0.0003723193036070508,9.836563907673839e-7
0.0004716278579317718,1.3070709037302446e-6
0.0005826119882803898,1.6970958118086693e-6
0.0007047360175184808,2.1518782661196453e-6
0.000835888365247339,2.671944815172284e-6
0.0009765241439329408,3.260973984331119e-6
0.001126389358146845,3.931898858862751e-6
0.001286021608622726,4.6786305639001745e-6
0.0014536365211023409,5.501946359602609e-6
0.001628742686990274,6.412750876201786e-6
0.0018085252847140248,7.3893114051597296e-6
0.001997593342601108,8.466353499626006e-6
