amp,std
0.0,0.0
-1.6722052939482333e-18,6.586011698664325e-20
-2.410003478015452e-18,1.4435829899432655e-19
-2.5242189485301042e-18,1.6286517713549208e-19
-2.5371671547052033e-18,1.6560504764929363e-19
