amp,std
0.0,0.0
3.3424999130607872e-18,3.419835979782416e-20
6.26556726244017e-18,8.220806130102887e-20
6.758830022575586e-18,9.532102794685107e-20
6.872296734128284e-18,1.0020120769799552e-19
6.901796601952614e-18,1.0243024509690532e-19
6.911846322239836e-18,1.0341913745313609e-19
6.914650244167301e-18,1.0371750436538342e-19
6.915412505009865e-18,1.0388709552728837e-19
6.916035304857339e-18,1.0403455886053541e-19
6.916257925722101e-18,1.0407891000707392e-19
6.9163582213969016e-18,1.0410709642249943e-19
6.916391444691088e-18,1.0412646620569429e-19
6.916477603616827e-18,1.0419975685368057e-19
6.916488510056819e-18,1.0420148988840006e-19
6.916505828542545e-18,1.042096935651077e-19
6.916509696553834e-18,1.0421207820471172e-19
6.916512800795846e-18,1.0421320592532862e-19
6.9165129309555586e-18,1.0421473313385388e-19
6.916513633025228e-18,1.0421494212837754e-19
6.916515153357352e-18,1.0421505387112096e-19
