amp,std
0.0,0.0
9.781829194392463e-7,4.478143423052855e-9
2.953374645221416e-6,1.629596757140337e-8
5.232760740868939e-6,3.2434124100197245e-8
7.456799385755809e-6,5.026710819967991e-8
9.602952027854148e-6,7.034633463275858e-8
1.1591231469346726e-5,9.093960298156735e-8
1.3423920940229599e-5,1.12617727093145e-7
1.510810534885627e-5,1.3425873194665272e-7
1.661594857734453e-5,1.5510352092970563e-7
1.7985895633068376e-5,1.7521114373327598e-7
1.928097375286336e-5,1.9654309648462778e-7
2.0473622452475097e-5,2.1765813721587931e-7
2.153415628927199e-5,2.3772449801057105e-7
2.250802327762493e-5,2.5884087362022944e-7
2.341297876083776e-5,2.794937519005939e-7
2.4228047150373553e-5,2.996231839282545e-7
2.4976054854549647e-5,3.1806159797809573e-7
2.56896516508282e-5,3.359364288527611e-7
2.6361083594986938e-5,3.530918500887345e-7
2.69943946991752e-5,3.707717021489535e-7
