amp,std
0.0,0.0
1.0394445317683906e-6,4.692573361148261e-9
3.2231100030545105e-6,1.7581106449100767e-8
5.8717599701967925e-6,3.599393311898287e-8
8.582534509889593e-6,5.72605233888543e-8
1.1317913137616541e-5,8.218013119044182e-8
1.3961237665397197e-5,1.087661081446496e-7
1.6493041578179203e-5,1.377395140949581e-7
1.8898631849447252e-5,1.6754924300208176e-7
2.112685421383347e-5,1.9720702721770024e-7
2.3210564441597126e-5,2.2654648202046722e-7
2.5231734866427702e-5,2.584469553907673e-7
2.7136458724042586e-5,2.907020063674279e-7
2.8871082988471714e-5,3.2200543845169856e-7
3.0496535394914334e-5,3.5550258052044215e-7
3.20347140511016e-5,3.888254110064858e-7
3.344658118672981e-5,4.2177231680716213e-7
3.476552487550849e-5,4.5251748802585846e-7
3.6040560265853744e-5,4.827740424283438e-7
3.725851922638379e-5,5.123144037779159e-7
3.8421035469381566e-5,5.430149023510731e-7
