amp,std
0.0,0.0
6.020066567974319e-7,9.612168323415073e-10
1.5881215017081526e-6,3.008289255483395e-9
2.503615632424322e-6,5.267716875430582e-9
3.2603511663605856e-6,7.430473577601428e-9
3.878705695231229e-6,9.472469342390847e-9
4.386190758240107e-6,1.1369237733615912e-8
4.808034412964345e-6,1.314612021380248e-8
5.1597909577738335e-6,1.4762897440583555e-8
5.45512853808259e-6,1.6279383309210012e-8
5.708089471178441e-6,1.768534546765206e-8
5.924424070734422e-6,1.8992284282304918e-8
6.1133241019942435e-6,2.0239871152105233e-8
6.276970216894561e-6,2.1388183690325302e-8
6.418948388933092e-6,2.2441194922885854e-8
6.545383692774688e-6,2.344684288268449e-8
6.659109922087042e-6,2.4414536167424077e-8
6.758272245246924e-6,2.5305506289187017e-8
6.849517050143702e-6,2.618685772098791e-8
6.9317380716294825e-6,2.7028790451229214e-8
7.006682003243086e-6,2.7867242027421376e-8
