amp,std
0.0,0.0
6.003468192597482e-7,9.574992815862799e-10
1.587980823243022e-6,3.0083473520974734e-9
2.506297560138708e-6,5.2880430190816435e-9
3.265401389398152e-6,7.449747303113792e-9
3.886915865175559e-6,9.499780622332059e-9
4.393294457261937e-6,1.1394552832534195e-8
4.819826712093408e-6,1.3190581027720499e-8
5.169124817903165e-6,1.4810715087600804e-8
5.465411907511195e-6,1.6330483347878413e-8
5.718188287443151e-6,1.774364775615095e-8
5.933952790422275e-6,1.9044319003786857e-8
6.121026558328194e-6,2.026766008634673e-8
6.285981991243617e-6,2.1439870234062434e-8
6.429578191092275e-6,2.2518436015863796e-8
6.557291641044826e-6,2.3542102736091162e-8
6.671531101305847e-6,2.4525039700639292e-8
6.772207071683504e-6,2.5408730851820575e-8
6.862511915513869e-6,2.6278439867347107e-8
6.943210603710816e-6,2.7090329805168885e-8
7.0173719904351235e-6,2.7864334573569083e-8
