amp,std
0.0,0.0
1.492453630580134e-6,2.048263371118688e-9
5.61633835719785e-6,9.489251749296754e-9
1.2095092380886839e-5,2.271222904556917e-8
2.032068204194775e-5,4.1226663629328484e-8
3.0064634284070466e-5,6.571410586747409e-8
4.088785357825129e-5,9.558164771542612e-8
5.263943911800454e-5,1.3147882766076467e-7
6.496449622054198e-5,1.722416092791084e-7
7.782926595212896e-5,2.184644506036843e-7
9.102644317261356e-5,2.6936263405751946e-7
0.00010444134174965897,3.2528960381172624e-7
0.00011787308889445183,3.857270137360438e-7
0.00013133217619775423,4.498145780246839e-7
0.0001447369188636396,5.175568285094999e-7
0.0001580773978313978,5.901711997036743e-7
0.0001712502619974321,6.653445596957868e-7
0.00018437252746645515,7.456962869792194e-7
0.00019734039458108632,8.279490210419224e-7
0.00020996855333534284,9.116616365542811e-7
0.00022237877451122647,9.987607023064892e-7
