amp,std
0.0,0.0
-5.0904048764209786e-17,1.5106877836131188e-18
-1.3890519700403277e-16,7.011546219454633e-18
-1.9521289641885513e-16,1.1393753822072966e-17
-2.2042282506911432e-16,1.3378580589372955e-17
