amp,std
0.0,0.0
1.0056975371120966e-6,4.5750830881770815e-9
3.071838448971825e-6,1.6861602975541422e-8
5.507283799132248e-6,3.396647858628443e-8
7.931342492598656e-6,5.3220280156450035e-8
1.0313577932037131e-5,7.525699102169155e-8
1.255837280182553e-5,9.822093972462303e-8
1.465922407141885e-5,1.2273024185077545e-7
1.6615259174600695e-5,1.4749068013672008e-7
1.8389858546755116e-5,1.716438515897057e-7
2.0020170892590282e-5,1.9517120636668927e-7
2.1576589676008917e-5,2.2036671487040068e-7
2.3022485039019204e-5,2.455086544925492e-7
2.431987802747675e-5,2.6959276188513797e-7
2.5520291955526798e-5,2.9509314149123913e-7
2.6643382093988247e-5,3.2019294615683763e-7
2.7662093485656767e-5,3.447858624551105e-7
2.860321739449588e-5,3.674736687836541e-7
2.9505421271286982e-5,3.895934596675173e-7
3.0359103951905137e-5,4.109622052352634e-7
3.116778233027666e-5,4.330486027345585e-7
