amp,std
0.0,0.0
17.754088888888884,0.30756960523021437
347.5299159722223,5.209422777002621
3968.4218573055555,51.75486162239044
24663.96392706179,280.6997076572675
116262.7252142455,1198.5392397639785
422966.1548284489,4044.676307657713
1.3211024169434456e6,11919.051268504196
3.5933704429970914e6,30895.16423818311
8.945708655504968e6,74153.58519573983
2.0261588171603303e7,162295.81187989612
4.324056729529762e7,338755.62330600934
8.6506599204959e7,660541.0455260322
1.6444748891638443e8,1.234906939489663e6
3.0178191696332693e8,2.2346490014292807e6
5.273881437191367e8,3.8844931517604254e6
8.94831988197605e8,6.508400163239701e6
1.4788190353044903e9,1.0647191211530391e7
2.37652054269225e9,1.6983810111143865e7
3.727899365624106e9,2.6632212628059685e7
5.732570417505686e9,4.0655340042005606e7
