amp,std
0.0,0.0
3.005428342599478e-7,7.141961976063635e-10
5.196216091848226e-7,1.3858442685855423e-9
6.155089572642408e-7,1.7518342961096648e-9
6.608613093219078e-7,1.9609482300548587e-9
6.845741845202693e-7,2.092682422831147e-9
6.979428393967751e-7,2.180922367210821e-9
7.060604677877636e-7,2.2448819722218246e-9
7.112701266300876e-7,2.292700483576408e-9
7.146842770309089e-7,2.329642268242391e-9
7.170364683455102e-7,2.357751152401366e-9
7.186414017819246e-7,2.378990202949245e-9
7.197968618769423e-7,2.396946958752725e-9
7.206146749614191e-7,2.4102967736460166e-9
7.212353025392386e-7,2.4215768864591684e-9
7.21708109623659e-7,2.4321824089746897e-9
7.220529759922343e-7,2.4392837954787183e-9
7.223254692487606e-7,2.4452885572509026e-9
7.225472634815845e-7,2.4518558068143686e-9
7.22726060787787e-7,2.4575930982649144e-9
7.228643363201504e-7,2.462183896714201e-9
