amp,std
0.0,0.0
2.997427322820657e-7,7.105707287570569e-10
5.178609281088181e-7,1.3826296032268424e-9
6.139798566455426e-7,1.7489454460627287e-9
6.597549954220612e-7,1.959618189640987e-9
6.836920018555149e-7,2.093322522941178e-9
6.972957359501958e-7,2.1833088123291548e-9
7.053413343713306e-7,2.24482009455619e-9
7.105222806891192e-7,2.2911957811468974e-9
7.139454509535896e-7,2.3268876862556386e-9
7.162370026602304e-7,2.35414245700957e-9
7.178783723906043e-7,2.378045464384994e-9
7.19048464250774e-7,2.396313738136995e-9
7.198833844429336e-7,2.4106512207329004e-9
7.205070701718054e-7,2.4225177294568733e-9
7.20989694065612e-7,2.4337460678782286e-9
7.213445864877365e-7,2.4410782935442498e-9
7.216256249415752e-7,2.448056716077725e-9
7.218493902935271e-7,2.454009851718709e-9
7.220179665526083e-7,2.4598313437771486e-9
7.221551883080071e-7,2.464795255031226e-9
