amp,std
0.0,0.0
2.9938400445169084e-7,7.083413707058289e-10
5.187005018022783e-7,1.381396150351264e-9
6.14219874153187e-7,1.7453796203272223e-9
6.594281081486942e-7,1.953458583375041e-9
6.834578634760367e-7,2.0879771246214387e-9
6.968912375724159e-7,2.1772585079645118e-9
7.050260831698409e-7,2.2414050844059986e-9
7.101548726060548e-7,2.287392630947931e-9
7.135955499982415e-7,2.3232456550849117e-9
7.159086154835333e-7,2.3502660607699767e-9
7.175458486607809e-7,2.3729199731096455e-9
7.187138223832348e-7,2.3902985236808933e-9
7.195406837536653e-7,2.404012795138225e-9
7.201576935660196e-7,2.4147061462214636e-9
7.206210515485094e-7,2.4236617614332594e-9
7.209883209089384e-7,2.4322382536254405e-9
7.212684614765483e-7,2.4395044337333653e-9
7.214862654942944e-7,2.4455819563370567e-9
7.21660933749514e-7,2.450630968285199e-9
7.218033788320923e-7,2.456074729065784e-9
