amp,std
0.0,0.0
2.9900815958958117e-7,7.096631922506263e-10
5.175011496051256e-7,1.3842296550809153e-9
6.129177637593829e-7,1.7486590443449813e-9
6.580632017089701e-7,1.955860795488566e-9
6.816942948503099e-7,2.087701746627721e-9
6.953131387428101e-7,2.177599871386699e-9
7.035122500204032e-7,2.2407517920665102e-9
7.086878838165381e-7,2.287328019455286e-9
7.120822730336878e-7,2.3222981314046456e-9
7.144085639661756e-7,2.3498330108948232e-9
7.160391729788687e-7,2.3725717027962906e-9
7.171784246447635e-7,2.390449419411559e-9
7.180149410129651e-7,2.404253975336467e-9
7.186287521624524e-7,2.4148111558593548e-9
7.190936992762023e-7,2.4244670562867243e-9
7.194522037842832e-7,2.4317445265258313e-9
7.197234857218022e-7,2.4384142498350384e-9
7.199366416619189e-7,2.4439403843758824e-9
7.201099671599963e-7,2.4493295194309334e-9
7.202467579385016e-7,2.4535870240118627e-9
