amp,std
0.0,0.0
-0.07474447417253584,0.0006460048532681725
-0.44746168138639203,0.005780495858364219
-1.1851560449669174,0.01779427335091948
-2.2380542213479413,0.037621360262633574
-3.7042578732302753,0.0731152453193974
-5.471356452252111,0.11830041978311284
-7.540464242486226,0.17926356720531836
-9.968912764755418,0.24616367509844278
-12.713931482913242,0.34403585720306573
-15.572884418629387,0.4248965847041982
-18.86758437507683,0.5340843446827289
-22.412359384560013,0.6679767679006088
-26.544858611372433,0.8740321705236871
-30.76912901603854,1.0577888522405094
-34.799329863208364,1.194161180983755
-39.89318170071659,1.5239058593608668
-44.81728413051675,1.7459717359544995
-50.62083854901546,2.3118511228539758
-55.9074085340473,2.5019286466332895
-61.50422008217587,2.537819449783881
