amp,std
0.0,0.0
1.030549794121933e-6,1.52991834070051e-8
3.0339235759772418e-6,5.308707574206916e-8
5.476522159419591e-6,1.1137663498175425e-7
7.87980080113926e-6,1.735196662070664e-7
1.0320414570315617e-5,2.459344822386291e-7
1.2558855199871726e-5,3.216512820837913e-7
1.469893649440348e-5,3.9673171886062424e-7
1.6654462057494297e-5,4.7604330050678767e-7
1.8380724352972958e-5,5.495663071833326e-7
2.0027168278667446e-5,6.330836528764201e-7
2.1512999755358625e-5,7.135234609645242e-7
2.2898964320493473e-5,7.856360228455319e-7
2.4043819605203208e-5,8.459358037595764e-7
2.522682265953125e-5,9.108523003923898e-7
2.6394458471298762e-5,9.864024530942804e-7
2.7320401730445817e-5,1.0504228983864238e-6
2.8294565239328515e-5,1.1240599709768802e-6
2.9228900429973982e-5,1.1995870220534622e-6
2.995906712062851e-5,1.2564274690754795e-6
3.0822643853814045e-5,1.3280921705750045e-6
