amp,std
0.0,0.0
0.03040866433523256,0.0020890596914572676
0.2923727384220321,0.023254105378872018
1.2098602800472424,0.09265312533238722
3.3718269004869015,0.24409159720811163
7.398140846274943,0.5481879644004943
14.17030051249834,1.0669797222530564
23.03631318989015,1.772974202355102
38.20993639882594,3.2684177821857183
61.38963028221911,5.465466497506339
86.68344173398363,7.665613271846091
123.83861124231797,11.507134514254332
166.78112895550214,15.259068502752587
224.05149021725936,23.086635339677468
291.2867885564576,36.72261342985552
380.93824872614397,46.763856308250645
488.61565790733215,62.409369542345146
614.3541511212163,76.23952739116058
732.1675946732503,88.04043881077656
927.4130566042929,124.03452570827199
1070.6844320931882,125.6767702254834
