amp,std
0.0,0.0
0.03418080874462171,0.002039120960081634
0.3423469177216735,0.024406056948689712
1.313719513092186,0.09615829721774474
3.229089811871431,0.2537970746723683
7.177093504612247,0.5217687016832249
13.004958741695425,0.9805559418352762
24.054601279140137,1.9865235331484725
38.58436662197309,3.849035406733418
59.397782773599374,5.484251678654038
85.75137140124819,8.483416294878726
120.3628926774885,11.399122881227088
173.1462584708861,18.957935205779926
226.22823048089552,23.753047681573864
301.06096525660774,36.669753573324954
390.6556578656003,44.79327665694532
485.70382397948435,56.842553232533106
616.8779067512008,69.97830191825477
744.2284641005668,83.27304547943133
909.430402686348,103.90257584863602
1172.671597995904,111.65368827642286
