amp,std
0.0,0.0
7.788052415147603e-7,3.756886805094518e-9
2.166258162546932e-6,1.2586111494010992e-8
3.579183457781708e-6,2.3280372438864413e-8
4.837402676134772e-6,3.411610945544182e-8
5.9169495649611874e-6,4.480674880797908e-8
6.852186506320846e-6,5.525020898763005e-8
7.63696023903377e-6,6.488711166498674e-8
8.321469696548242e-6,7.44135712473256e-8
8.909027056500661e-6,8.298691703518185e-8
9.434653219340548e-6,9.147364350280145e-8
9.895322179329965e-6,1.000262947481298e-7
1.0285810201958553e-5,1.0738824620818768e-7
1.0627606686210652e-5,1.1436533501202454e-7
1.0953341488874221e-5,1.2155360221678187e-7
1.1241095014180248e-5,1.2833942027789694e-7
1.1487033117663946e-5,1.3456090659267143e-7
1.172502071656418e-5,1.4161699844107765e-7
1.1930409033481272e-5,1.4803470679401978e-7
1.210710146185843e-5,1.5334357930155996e-7
1.2268477835368482e-5,1.5809230598550248e-7
