amp,std
0.0,0.0
0.03189121002666817,0.0006524248086753752
0.32569223744996784,0.007509267880955102
1.3156592948648216,0.031019802965728212
3.4373499978848505,0.0820049055176874
7.54707678350563,0.1838444685366839
13.971136332007468,0.34908532446183826
24.336385418589416,0.6548044905080616
39.34590667244714,1.0705913881665752
59.94283570831037,1.699805110870296
86.91505772844758,2.5530085053220692
121.39280684032408,3.5763539878729906
165.84399385874465,4.904976172349122
223.451497044497,6.9346095419134866
296.85194906406,9.561253783609661
379.45461054630977,12.9891182988389
490.4217130045897,19.350852052471772
608.1685760563827,23.750376865238657
738.2217926555408,28.359442842543096
919.5031073019014,35.2272615197161
1114.076358146128,36.31820189014531
