amp,std
0.0,0.0
1.045475835331476e-6,1.4987690782851816e-9
3.2276689103835193e-6,5.572949119316055e-9
5.8648512922678575e-6,1.1368192876615692e-8
8.593973411291153e-6,1.8186506786086687e-8
1.1315942790461225e-5,2.5941939396646913e-8
1.3933363903629393e-5,3.4229806848251094e-8
1.6448148231389012e-5,4.317361354642393e-8
1.8835434003922764e-5,5.2573513383346146e-8
2.107349381364147e-5,6.212527330947571e-8
2.320770836625223e-5,7.202744268488748e-8
2.5183535068315775e-5,8.192193274707415e-8
2.7028834263267626e-5,9.174258421366727e-8
2.8743847281980666e-5,1.0152932024882308e-7
3.0365345049487634e-5,1.1141462881425078e-7
3.188461872805512e-5,1.2136383213658052e-7
3.32965724141194e-5,1.3109086398171857e-7
3.463564483825779e-5,1.407288189242609e-7
3.588657963384458e-5,1.503566230353529e-7
3.707735031181847e-5,1.602336999151165e-7
3.81928567588023e-5,1.6967493633153785e-7
