amp,std
0.0,0.0
1.0906800907939352e-17,8.510736982655536e-19
3.122244962872562e-17,3.3268911489634233e-18
4.447347131603912e-17,5.4108512714445125e-18
5.204652940766224e-17,6.943632110214198e-18
