amp,std
0.0,0.0
2.8549086759506846e-18,2.936609141108751e-20
5.169727488014781e-18,6.848853636857016e-20
5.529093179995206e-18,7.844562892286167e-20
5.5972309616806825e-18,8.135748332751953e-20
5.613955377979857e-18,8.249332756652118e-20
5.618879044661042e-18,8.298451287863592e-20
5.620338969738862e-18,8.318323907476083e-20
5.621001352744033e-18,8.332949787455273e-20
5.621207421568885e-18,8.33755250695563e-20
5.621456610488637e-18,8.354791034265464e-20
5.621531076701333e-18,8.359754850259112e-20
5.621550612336458e-18,8.360435647490957e-20
5.62156156587038e-18,8.360928259886747e-20
5.621569610323985e-18,8.361514626957731e-20
5.621572431927887e-18,8.361626090450158e-20
5.6215731880238646e-18,8.361644564597191e-20
5.6216252920811654e-18,8.366489132862464e-20
5.621625986875943e-18,8.366530119659122e-20
5.6216262486616575e-18,8.366541000674412e-20
5.621626540718782e-18,8.366543555960227e-20
