amp,std
0.0,0.0
3.2166994156882585e-18,3.247278664084457e-20
5.878457811717128e-18,7.692868626180417e-20
6.324916555491029e-18,8.927609006370193e-20
6.412145276583248e-18,9.303899372657986e-20
6.4320576206077395e-18,9.438314418652404e-20
6.437283836154538e-18,9.489200466005959e-20
6.4397166250177974e-18,9.533734436688477e-20
6.440554454963573e-18,9.555497296684031e-20
6.440941221954426e-18,9.563776868959413e-20
6.441445430433174e-18,9.588907125257196e-20
6.441489421799178e-18,9.589662959548554e-20
6.441520146626237e-18,9.590302432373345e-20
6.441530808752861e-18,9.590518209763914e-20
6.441539178867984e-18,9.590775458740318e-20
6.4415446532421594e-18,9.59109403140596e-20
6.441546705116414e-18,9.591193437898445e-20
6.44154768066968e-18,9.591220695597698e-20
6.4415483010783414e-18,9.591248183137033e-20
6.441548538497682e-18,9.591254216259227e-20
6.441548774400162e-18,9.591255259488966e-20
