amp,std
0.0,0.0
3.1648166961163203e-18,3.2479994069798195e-20
5.87116066934796e-18,7.728458965806454e-20
6.309459064320364e-18,8.908616591897284e-20
6.406207006557904e-18,9.331288287598036e-20
6.4303376458559484e-18,9.517076788944348e-20
6.438238207648986e-18,9.596430411416834e-20
6.440350621473703e-18,9.619331998267157e-20
6.4409002276621266e-18,9.63201153892602e-20
6.441341093314031e-18,9.642664014320793e-20
6.441493349485173e-18,9.645757158032985e-20
6.441560098251226e-18,9.647703171895486e-20
6.4415812486092975e-18,9.649007155779672e-20
6.441638111145062e-18,9.653903646410554e-20
6.441644729719982e-18,9.654010863564358e-20
6.441655389652363e-18,9.654525755349653e-20
6.4416576178195225e-18,9.6546678006352e-20
6.441659416868189e-18,9.654734382264496e-20
6.44165945572529e-18,9.654825272865547e-20
6.441659844324861e-18,9.654837196595532e-20
6.441660696417841e-18,9.654843557736214e-20
