amp,std
0.0,0.0
1.0624302530995163e-6,1.544334477309245e-8
3.3216400304552847e-6,5.738663229901528e-8
6.103525985081942e-6,1.1914817346394899e-7
9.114683812212845e-6,1.9096479579217077e-7
1.2134037112890028e-5,2.7946899644800675e-7
1.514312709950989e-5,3.757171959407353e-7
1.8087280286402237e-5,4.6835380620171753e-7
2.0782003924360242e-5,5.769900697766298e-7
2.3466584872418646e-5,6.900968245635114e-7
2.6078434501295163e-5,8.03293727487776e-7
2.8508154217429648e-5,9.129474857977696e-7
3.074240415016179e-5,1.045483579494664e-6
3.2830645140139684e-5,1.1645755537329696e-6
3.467488345521342e-5,1.2662711403046138e-6
3.662209932324169e-5,1.403780168580056e-6
3.849250440319478e-5,1.5216692931666106e-6
3.995466196235335e-5,1.617543546408876e-6
4.16395891745858e-5,1.7357291057914235e-6
4.29918043626386e-5,1.8291754535968156e-6
4.456750108306534e-5,1.965101337918429e-6
