amp,std
0.0,0.0
-6.390696116996086,0.05145421395939925
-316.6946514947791,2.4411904148765227
-8344.09073465198,52.56390597688814
-92429.5899044898,501.6319581978333
-729064.1536564665,3540.7787350608105
-4.077329189402175e6,18595.65563685218
-1.8782315734415963e7,82350.36468128693
-7.149961507602496e7,307073.22900786134
-2.4081653699294358e8,1.0206169324247304e6
-7.201670775243146e8,3.053438166405699e6
-1.9725459964096878e9,8.432354301451059e6
-4.967887819486822e9,2.1504896192431785e7
-1.1733832332689415e10,5.153410276249721e7
-2.6198430864167744e10,1.1718933528300896e8
-5.5682065231201996e10,2.5376149309041372e8
-1.1320284281951709e11,5.233115932294209e8
-2.210471155080504e11,1.0430714564295751e9
-4.1645023969119104e11,1.9998092266144598e9
-7.584777957094845e11,3.701374705330576e9
-1.3398254010559573e12,4.082585063312974e9
