amp,std
0.0,0.0
1.488345087732432e-6,2.0463125340128906e-9
5.619124495812929e-6,9.48403172702591e-9
1.2082644663987659e-5,2.2614447860389482e-8
2.0293477479158812e-5,4.115808819465748e-8
3.0053807532578992e-5,6.57503730691439e-8
4.083424598644064e-5,9.577295551519579e-8
5.2551972301026454e-5,1.314996391929722e-7
6.492234488525565e-5,1.7226063390422475e-7
7.776518207980318e-5,2.187478794434921e-7
9.093750616126394e-5,2.6993065893063805e-7
0.0001043110615606929,3.2602930861874777e-7
0.00011780452926096333,3.860530946285616e-7
0.00013121256931499398,4.4951396915661137e-7
0.00014468963193150776,5.174649651240979e-7
0.00015810434092814244,5.89372414003723e-7
0.0001713840097219256,6.651873782807058e-7
0.00018446068643671493,7.429725205175403e-7
0.00019729071499309913,8.236358060137899e-7
0.00020994742483659604,9.074297312500158e-7
0.00022236915282806957,9.933051217533538e-7
