amp,std
0.0,0.0
2.951488934209729e-7,7.025243205000464e-10
5.070899701893826e-7,1.3585561074181308e-9
5.982182284945536e-7,1.7090993171183965e-9
6.405268170408788e-7,1.9064553260340368e-9
6.628266512726879e-7,2.0330780467850947e-9
6.751235837993878e-7,2.1152108396830072e-9
6.824631701738328e-7,2.1725790555610307e-9
6.86973260495873e-7,2.2138518538464547e-9
6.898962590442068e-7,2.2446280408061763e-9
6.918690770935067e-7,2.2685583969813592e-9
6.932759027214929e-7,2.2885897853241576e-9
6.942418145887656e-7,2.3030476891639765e-9
6.949453991217401e-7,2.315535530531185e-9
6.954691197602927e-7,2.325873258763834e-9
6.958658078981476e-7,2.334843864889995e-9
6.961447462984222e-7,2.34070309512202e-9
6.963735719758242e-7,2.346467067920932e-9
6.965503960738366e-7,2.351030036303163e-9
6.966869623496915e-7,2.3554532827109144e-9
6.967946268464835e-7,2.3588342115862323e-9
