amp,std
0.0,0.0
2.9509409260706237e-7,7.009900065608249e-10
5.082838187176347e-7,1.3609431797416779e-9
5.996990218263632e-7,1.7117391076307832e-9
6.426734088545854e-7,1.9106641161982236e-9
6.646615241364339e-7,2.03360616519226e-9
6.770932295362206e-7,2.1168794476398135e-9
6.843431677637812e-7,2.1735602548918582e-9
6.888742075526816e-7,2.2145047733708504e-9
6.918607531572146e-7,2.245996749533821e-9
6.939076196875926e-7,2.271620187271292e-9
6.952785413589988e-7,2.2902233143660256e-9
6.962526147971524e-7,2.306032990355551e-9
6.969357677486454e-7,2.316918122940851e-9
6.97450873004748e-7,2.3265298494781774e-9
6.978358935555413e-7,2.3345408752108715e-9
6.981226358029961e-7,2.3405325451821647e-9
6.983418147824963e-7,2.3461399725981966e-9
6.985147740340048e-7,2.351023392385743e-9
6.986467767580733e-7,2.3547078255551872e-9
6.987532667506076e-7,2.358116638456659e-9
