amp,std
0.0,0.0
2.957515682040131e-7,7.053458028528985e-10
5.088383170829097e-7,1.3621996046899288e-9
6.005788442074798e-7,1.7147089624653784e-9
6.432267795292245e-7,1.9128240038721864e-9
6.651447302259612e-7,2.035588409560608e-9
6.772988337242821e-7,2.116533013786976e-9
6.845648031181074e-7,2.174341992482096e-9
6.891612646328228e-7,2.216975447325121e-9
6.921330539171437e-7,2.24951728035613e-9
6.941543732100868e-7,2.273976990527573e-9
6.955171854467443e-7,2.2922579122830178e-9
6.964876488840946e-7,2.3075645129148934e-9
6.971672216555463e-7,2.3188293947006494e-9
6.976782005709848e-7,2.328270948198008e-9
6.980640969766745e-7,2.3370828066084187e-9
6.983429142859691e-7,2.34293013329093e-9
6.985615744825158e-7,2.347841636070708e-9
6.987384356079969e-7,2.3531826391161063e-9
6.988800137974331e-7,2.3578128291913674e-9
6.989887545884466e-7,2.3615013037286214e-9
