amp,std
0.0,0.0
-0.07453206740943867,0.00020471533089988552
-0.43982475483869726,0.0018013799539405237
-1.171309328019972,0.005550165315256868
-2.2447904915106767,0.011964336727562745
-3.666043946706983,0.021753297087822206
-5.391631843850736,0.03487509547296629
-7.4462335438920855,0.05253707617509809
-9.787206166420539,0.07570082683865298
-12.46416032362161,0.10289023679451004
-15.47698693498746,0.13529081697518755
-18.785891351768406,0.17553471433747073
-22.425787269296585,0.22662984331490454
-26.435820449774397,0.2859323990618524
-30.690387732679625,0.3471262847794516
-35.312085148340046,0.430116020415003
-40.04750978988192,0.5006652702020565
-45.15875880923252,0.5998547309748181
-50.70571211749311,0.694830410207991
-56.44757686906796,0.7867308071427233
-62.47002066581032,0.800214762297641
