amp,std
0.0,0.0
2.2734412605385397,0.015761846146145973
779.7531740498117,6.391864915663272
45299.241189243854,534.0224894631009
862396.8045458551,12653.312468528644
1.0926043764059607e7,202092.15342818905
8.939194057655655e7,1.987756456326634e6
