amp,std
0.0,0.0
1.5694197530864191,0.040963351269636565
75.59373127652388,2.1406783629782598
2044.6803420659858,48.19249066296071
22590.401107904912,470.34183321506845
183703.32805460482,3533.929463909491
1.0010838288192895e6,18270.141819032637
4.799405092142783e6,84405.2340328746
1.8208218911457002e7,318259.47441711667
6.154026355849917e7,1.0479628940847106e6
1.8099228055102247e8,3.1211926679438143e6
4.923494641242655e8,8.570026174525741e6
1.2571072284936187e9,2.206824165838144e7
2.9808252592157183e9,5.267534531628841e7
6.640227078734741e9,1.2010428351806594e8
1.381957773823996e10,2.5602698141000563e8
2.823278140399682e10,5.1958622705325586e8
5.4640659963333496e10,1.0323781268926778e9
1.0089434563691113e11,1.9582293494719305e9
1.8741583854230762e11,3.627824522445631e9
3.3546184501890576e11,4.0045331133541794e9
