amp,std
0.0,0.0
-0.5049569604362376,0.016653094106122462
-8.791196376635561,0.3519620473701769
-69.82299121548311,2.64511179918448
-299.0536755750422,12.072874064719523
-1023.7536805343677,40.8300637442363
-2866.5005146308595,105.62578507172009
-7333.435627607541,295.4194164218466
-16241.666098053485,691.4524362872169
-32621.533090372395,1364.454739279949
-61312.0274896888,2595.145963224562
-111783.63335439164,4952.827391985304
-196002.73410980921,9356.825473730829
-318993.628596613,15808.345862875516
-505625.77833603014,26647.560407006633
-793707.4528409471,42858.0422915643
-1.227636991959425e6,67451.98461255312
-1.8288945465150853e6,102829.97719261344
-2.4983546258849693e6,141742.4299844178
-3.6446188241836363e6,218111.80684772023
-5.192678576032152e6,229662.5308137798
