amp,std
0.0,0.0
1.0537060740958094e-6,1.501597349518818e-9
3.2722613482470863e-6,5.691418988936151e-9
5.974593253831816e-6,1.1608731391433533e-8
8.814706576780436e-6,1.8663259891636243e-8
1.1664481680007765e-5,2.6742153535921277e-8
1.4462109262466001e-5,3.5623511347091075e-8
1.7170119726907824e-5,4.5112704307154145e-8
1.973940473683215e-5,5.5028816636984304e-8
2.2182783057444484e-5,6.539928837131375e-8
2.449605515154883e-5,7.603589429720842e-8
2.667230165370061e-5,8.690380782434031e-8
2.8699226365983708e-5,9.76606615119693e-8
3.0637397960276046e-5,1.0860104759859208e-7
3.2458243871867355e-5,1.1953583535489942e-7
3.415258730712204e-5,1.3041561283413816e-7
3.578328962882888e-5,1.4152394952288328e-7
3.7291974913558675e-5,1.524019565721766e-7
3.871989074748953e-5,1.6324813718486147e-7
4.006487143130327e-5,1.7396333935114015e-7
4.134797858453599e-5,1.8469797381789632e-7
