amp,std
0.0,0.0
-6.148721562675423,0.15836231735899953
-326.34248750373695,8.013273976094098
-8516.238100905228,174.94845300492995
-91588.46898627903,1572.1574232365926
-732318.6138044985,11306.316509867436
-4.12317461745104e6,59797.44617381244
-1.8998377716308422e7,262457.1474675569
-7.302574230039826e7,978161.4343091078
-2.4112481888720274e8,3.194666013158018e6
-7.215288229913509e8,9.527690280833807e6
-1.9912339331730773e9,2.672057266514409e7
-4.922167251288174e9,6.744830470343524e7
-1.170441075881854e10,1.6361303735907355e8
-2.6518133956760994e10,3.765598131926987e8
-5.6262797716068985e10,8.03700699163851e8
-1.1365419055605527e11,1.648704441164087e9
-2.2209280663445377e11,3.326549957106947e9
-4.1652444555715564e11,6.297421505993212e9
-7.628403599696672e11,1.1688548665110886e10
-1.3383275455067422e12,1.289384821683945e10
