amp,std
0.0,0.0
1.063438888888889,0.004655992691915307
5.200435069444445,0.026607582244088206
14.16017752777778,0.07681350340893889
29.02931157142858,0.1647753840262305
51.81892714285715,0.3048482884684329
82.70645096739182,0.5054078083041269
124.30011829288495,0.7937325876249921
177.65463038529907,1.1713654719256366
243.45953992259209,1.6481228934839371
323.6809020180443,2.26282588601892
420.8648244052106,3.0330228649698254
532.9997938375913,3.9504939918298705
664.4069952809564,5.036609851020068
817.0058651520544,6.33387034409527
991.2015071105718,7.854157937874181
1185.1742271707149,9.615737098296709
1403.1200883936567,11.577582958208845
1645.5846248868565,13.874687559472475
1916.8190278900001,16.523836360373405
2218.4076877495245,19.453001538584548
