amp,std
0.0,0.0
1.0317953315089202e-6,4.664168359121673e-9
3.216082415577683e-6,1.7577306691083667e-8
5.877311363956843e-6,3.6117554898609554e-8
8.581003569318243e-6,5.730334798483868e-8
1.1316378388428822e-5,8.182681574489742e-8
1.3965811229151746e-5,1.0843327697475788e-7
1.6526770778151222e-5,1.3718902857116193e-7
1.8903988412350195e-5,1.6622530783003516e-7
2.109781832933248e-5,1.9544763845391294e-7
2.3196777234049e-5,2.2573113759034143e-7
2.51908009410125e-5,2.581472400614272e-7
2.703451516703144e-5,2.902584765345784e-7
2.8808004029218954e-5,3.2368424921955243e-7
3.040866093309669e-5,3.546421449158874e-7
3.190847790331618e-5,3.8446980349025963e-7
3.332779709215029e-5,4.153655367907967e-7
3.463699383870719e-5,4.4389377391767445e-7
3.586785296752203e-5,4.752087758210371e-7
3.7031781620172826e-5,5.053051373252981e-7
3.813606871505166e-5,5.340613142631949e-7
