amp,std
0.0,0.0
9.983530157332878e-7,1.4992563439705507e-8
2.9672423693340147e-6,5.257379774937616e-8
5.2867241737539475e-6,1.0528866761246964e-7
7.608205082956899e-6,1.647384577301861e-7
9.671386044246626e-6,2.2604366911055649e-7
1.1751969035986422e-5,2.932015940738055e-7
1.3555423346010818e-5,3.602583064661031e-7
1.5078753477027626e-5,4.174024013282685e-7
1.673018950652325e-5,4.979898905272498e-7
1.8091168561571016e-5,5.589583150053447e-7
1.9388164889282144e-5,6.231500950556682e-7
2.0597240150464364e-5,6.888363734403407e-7
2.1850238435591603e-5,7.650469646065826e-7
2.292436293244311e-5,8.337772503340693e-7
2.3793213499224594e-5,8.925511099271671e-7
2.467430709995626e-5,9.55140405652942e-7
2.5462822499833647e-5,1.0099378640095139e-6
2.611449986422462e-5,1.0572503211204364e-6
2.6734430719112295e-5,1.1082340614313823e-6
2.7366546026708638e-5,1.1664339026621052e-6
