amp,std
0.0,0.0
9.7885081718485e-7,1.3952643058521349e-8
2.92290773143682e-6,5.163746400094568e-8
5.119629955448694e-6,1.015404333750947e-7
7.3399385843772626e-6,1.5773789784346607e-7
9.350866499490456e-6,2.166229687801748e-7
1.1405967964340041e-5,2.8470124900649217e-7
1.3189778166739717e-5,3.509590969624863e-7
1.4916904329398062e-5,4.165321075135588e-7
1.64596923727567e-5,4.832773436652605e-7
1.7807750276469507e-5,5.447898143142205e-7
1.918520682293115e-5,6.171832427568495e-7
2.0315196559297164e-5,6.789188418925927e-7
2.1377288741058338e-5,7.441520465806398e-7
2.2337398798309615e-5,8.073018512659215e-7
2.3237925141655806e-5,8.900521170204693e-7
2.4064670806731382e-5,9.503182635236645e-7
2.480742266389591e-5,1.004933078897125e-6
2.5564895929879122e-5,1.0659805969776348e-6
2.633132505590425e-5,1.1227362867723248e-6
2.6923497446352677e-5,1.1701945403875251e-6
