amp,std
0.0,0.0
2.992280962496604e-7,7.099177745543129e-10
5.15790267035597e-7,1.376935151615176e-9
6.096129071774957e-7,1.7368521312019663e-9
6.539743866018771e-7,1.942285295659345e-9
6.77103290917722e-7,2.072226886616092e-9
6.901081984810298e-7,2.1580872584935926e-9
6.979606802349348e-7,2.220244197051608e-9
7.028309442248753e-7,2.2652252993172524e-9
7.060418472109003e-7,2.2984911787468365e-9
7.081804833861821e-7,2.3230584923399473e-9
7.097276171860495e-7,2.34603539434078e-9
7.108095351792501e-7,2.36272535931128e-9
7.115766288605826e-7,2.375779969619242e-9
7.121470780893734e-7,2.386547112621657e-9
7.125894819479595e-7,2.396521777255759e-9
7.129298821394176e-7,2.405486591281227e-9
7.131825725550679e-7,2.4115980171591496e-9
7.133866335103562e-7,2.4177524721532495e-9
7.13544710863931e-7,2.423445357401154e-9
7.136685547963921e-7,2.4271999392753056e-9
