amp,std
0.0,0.0
9.395515119157144e-7,1.3774288492438696e-9
2.7898884471536123e-6,4.931055242906716e-9
4.862039097130795e-6,9.641150998975367e-9
6.855208285669456e-6,1.4800899717559603e-8
8.706633981581369e-6,2.0308815624440342e-8
1.0379228379726395e-5,2.5920052340179397e-8
1.1914489264733882e-5,3.1692516411924215e-8
1.3271463898831913e-5,3.729228582026496e-8
1.4498731445739595e-5,4.287629271773393e-8
1.560455971882502e-5,4.834089392001065e-8
1.6596898333333646e-5,5.362434359708527e-8
1.749488443949842e-5,5.879702715031356e-8
1.831674013166201e-5,6.391996364450594e-8
1.9058273510760918e-5,6.879804400728344e-8
1.973855661013334e-5,7.357369954325394e-8
2.0363489907155043e-5,7.827710122896972e-8
2.0930820541726522e-5,8.264779520537427e-8
2.145081347036676e-5,8.701054280058397e-8
2.1926818717909806e-5,9.117276550350174e-8
2.2372495643880002e-5,9.524442829028045e-8
