amp,std
0.0,0.0
9.148717653205604e-19,9.540174023484039e-21
1.4465854937745384e-18,1.9423488159115653e-20
1.501334673303134e-18,2.115016952368544e-20
1.5089613802069696e-18,2.1542458803384978e-20
1.5102401221248904e-18,2.1650793861596892e-20
1.5105622225019573e-18,2.169954659003044e-20
1.5106581215759568e-18,2.1720909892566698e-20
1.5106795338317235e-18,2.1724455496975697e-20
1.5106877285774126e-18,2.172671210156782e-20
1.5106894121347464e-18,2.1727167788571132e-20
1.5106901364767084e-18,2.1727281632239143e-20
1.510690339031362e-18,2.1727361436215322e-20
1.5106904214098981e-18,2.1727384053441486e-20
1.5106904696271703e-18,2.1727406659924957e-20
1.5106904864086436e-18,2.172741165725378e-20
1.5106905084956597e-18,2.172742700137181e-20
1.5106905124400252e-18,2.1727428289165996e-20
1.5106905233901133e-18,2.1727436749756844e-20
1.510690526439761e-18,2.1727439466815067e-20
1.5106905279077374e-18,2.1727439587396433e-20
