amp,std
0.0,0.0
0.7432985242155239,0.011220839921585768
2.900345397715154,0.04865581455602757
6.397625878000069,0.11446916088514986
11.26285596590932,0.21522214066975492
17.318665988312844,0.34851654644301994
24.738888718685125,0.5311439345361715
33.09579525934339,0.7416175966151516
43.1381539475598,1.0237312513039747
53.987391525692054,1.3360175061240667
66.76127986886156,1.7626731924706582
79.97145786750954,2.1876310872163836
94.66555997802861,2.6764445629800804
110.40337412890683,3.3475717160357177
126.11202173948837,3.89594453638562
143.71583445224186,4.61585581250565
162.7583670906789,5.246958944830066
183.7283542947116,6.028495837059191
205.67425993529446,6.925297782648578
228.25623492800992,7.791542684288908
251.47449243838946,8.590981825728475
