amp,std
0.0,0.0
0.7630009138141101,0.011299227898942598
2.9390200652638305,0.04829128131781349
6.498187996205925,0.1153650224003875
11.37954619881862,0.21553940416974224
17.526009588219537,0.356384391819208
24.90165695538487,0.5438656657507646
33.415293962274816,0.7783612321997547
43.236759158924585,1.043602538049569
54.65898014520429,1.3609264785014534
67.04988459032508,1.7507632892849814
80.94976972284817,2.1874579254701105
95.40721224360598,2.6813989772379565
110.24515798644676,3.1348842557792422
126.34548340321327,3.63838895242045
143.69510494337356,4.346434752143109
162.17491979746325,5.012026222641985
183.29410928984197,5.774308396115563
206.277188385277,6.602402302142252
227.50151476654986,7.399296971679751
251.44424379681539,8.31547536468863
