amp,std
0.0,0.0
0.015878398276748987,0.00011706003702133472
0.10879357312363364,0.0009147836379564888
0.2901589184855903,0.002624265914607446
0.5554420807741838,0.00540206436637373
0.905791630622321,0.009350096684137887
1.3347371642891723,0.014980554147718263
1.8444344947934939,0.022525328404271433
2.437398138077916,0.032063485575493926
3.1173556399844227,0.04341072849734302
3.8420248856354653,0.05417149986608961
4.671012209462304,0.0695122085695671
5.563929144550037,0.08496429559782459
6.517424193649082,0.10394927658082265
7.567912641570463,0.12397640911910182
8.677422075042744,0.14851510484862923
9.876924184980895,0.1848285359954981
11.122472501770922,0.21399172503698938
12.409511627298413,0.24227832883541217
13.764670893861508,0.2728600725727711
15.269100841414305,0.2778266149250599
