amp,std
0.0,0.0
0.015815435313786024,0.00011710534242288388
0.10821186927826809,0.0009089868380372684
0.28775987288178934,0.0026043679400816725
0.5522998469753115,0.005374605179761939
0.9051960783676827,0.009356936863730628
1.3342155470496224,0.014745357936823092
1.8551197259839651,0.02248080021878957
2.4306012200172384,0.031011634020354048
3.0653342969684614,0.04030545794723501
3.7923449644103404,0.051339655443099534
4.609009236344395,0.06475330463873553
5.4826170512946115,0.07924260694276564
6.475171305217469,0.10409190370045861
7.482052217390528,0.12388146205620004
8.58470375996447,0.15062039205013825
9.725180021220766,0.1734430183360478
11.008057675608919,0.20498686954779133
12.36900046122401,0.2495279533247203
13.742215238876124,0.2748483519919799
15.294677127262773,0.28633709808394836
