amp,std
0.0,0.0
0.03266619610010988,0.0002058678096291861
0.33329292206142797,0.0023761110564955302
1.3120342447581823,0.009582368677486328
3.454594667058977,0.026025311340705553
7.450114543796222,0.05766931049279374
13.994736045307121,0.11286292612602808
24.035359025773985,0.2033446730139678
38.6032325237575,0.34256816539601664
59.160338371334085,0.5466200625716806
86.00555646845177,0.8091207557079494
122.00973971622801,1.1943498274501825
167.5713384784344,1.6840142755841243
224.36466746910864,2.344033775020016
295.78684353589915,3.1772181666368673
380.8831880159931,4.227459088618394
483.8273498767001,5.658757938113596
604.7618451348878,7.25712542537783
745.3041580097715,9.067360452073276
910.3107443502184,11.233537912455322
1109.8260721424683,11.607649237983214
