amp,std
0.0,0.0
0.11126903292181073,0.0018500666705246467
2.1681547708824827,0.04299488801123003
16.570980349100473,0.31833616832949535
73.08082974844073,1.3786683640060844
256.45303350794734,4.774217903722938
716.5557623683094,13.265638330380867
1761.5986404855942,33.11420601972068
4014.1046451943603,76.3370091586269
8216.893992611824,159.70255457794033
15665.9139129971,310.2626695839575
28172.620380843262,567.9214979910075
48072.63270424449,990.4335446145211
78643.67977201716,1665.9175086839919
124373.81141412331,2708.9381013102447
195194.86521737144,4322.410026568958
296353.92425781704,6717.96699081221
441613.7006381741,10299.019234198095
640010.3866875374,15380.37537548575
916136.3738635876,22214.504270453326
1.267803170958255e6,23349.940333915976
