amp,std
0.0,0.0
0.1080103909465021,0.001834127457827981
2.1637655184343036,0.042649337825610235
16.8979622885881,0.31862245356156194
73.56736961493988,1.3630000722243234
255.35856709889694,4.66821182257565
731.6122071030187,13.381949210040702
1762.9749818735359,32.6157871640834
3920.1134588562345,74.02167306000956
8084.996743401953,157.08140832236245
15296.96044934326,302.6168780920585
27903.72932965298,565.1690735235948
47813.689739205765,993.5937912345252
78422.11378894502,1664.3228786868872
124875.53464835149,2653.405718803024
196492.96901545502,4285.984706271789
296162.8266353372,6605.004122454375
440012.4599729078,10165.512199059176
637686.8335244476,14986.927954970786
907754.4683274387,22417.61142019574
1.2742709379439547e6,23656.74305405718
