amp,std
0.0,0.0
2.9476214813104625e-7,7.003448950011332e-10
5.078615630516817e-7,1.3600040489881624e-9
5.992430819298972e-7,1.7118149205733823e-9
6.41905800128922e-7,1.9094803822680452e-9
6.639543829351013e-7,2.0340026479764427e-9
6.762788422595001e-7,2.115583956580757e-9
6.835784725602617e-7,2.173149549385279e-9
6.881250068708184e-7,2.214647714294511e-9
6.911120314836854e-7,2.2462955483221644e-9
6.931064602728531e-7,2.270179780107025e-9
6.94469531370764e-7,2.2888708225100735e-9
6.95442072075998e-7,2.303748011596505e-9
6.961269147684517e-7,2.3151377296014598e-9
6.966468487824499e-7,2.324822429999541e-9
6.970395028263044e-7,2.3336807444252406e-9
6.973319367466313e-7,2.340552659758163e-9
6.975468362193764e-7,2.345396655740188e-9
6.977190598076916e-7,2.3505594841169908e-9
6.978510079554286e-7,2.3542148117308965e-9
6.979588957561941e-7,2.357699357089155e-9
