amp,std
0.0,0.0
2.9467977000265084e-7,7.013609015967173e-10
5.080524729013725e-7,1.3622607961054859e-9
5.997119983100901e-7,1.7140442062463726e-9
6.421943344613609e-7,1.9105494764255362e-9
6.642737042385375e-7,2.035146618787159e-9
6.765652199692911e-7,2.1172196842842253e-9
6.838781008374244e-7,2.1746499610028444e-9
6.883878470499784e-7,2.215590610082746e-9
6.91370948369601e-7,2.247527209169098e-9
6.933637789220056e-7,2.2715406441670995e-9
6.947512080294119e-7,2.290952338034231e-9
6.957567499214524e-7,2.306664738546039e-9
6.96453475813363e-7,2.318727216206292e-9
6.969626484220896e-7,2.328224008717251e-9
6.973605209537225e-7,2.3372498839737768e-9
6.976588559882819e-7,2.3447248999574027e-9
6.978780325279812e-7,2.3496892115384765e-9
6.980532697452521e-7,2.3547277188402092e-9
6.98190767317661e-7,2.3590502975589434e-9
6.983002664322166e-7,2.362664061214542e-9
