amp,std
0.0,0.0
2.9451146432283414e-7,7.014070247941893e-10
5.072843239760845e-7,1.3621097168740255e-9
5.990773301432066e-7,1.7144670690238817e-9
6.413319055603173e-7,1.9090040847454333e-9
6.633521377575602e-7,2.0341352733067273e-9
6.757459065809271e-7,2.1173205213574246e-9
6.832012691480286e-7,2.17830029821003e-9
6.878069030538547e-7,2.221619032764589e-9
6.907855566892732e-7,2.253729869424824e-9
6.928170396329458e-7,2.278950296207739e-9
6.941922405061387e-7,2.298135822890945e-9
6.951657764377513e-7,2.313630693628986e-9
6.958611126160885e-7,2.325759639573288e-9
6.963622842460805e-7,2.3348230783471675e-9
6.967499891968904e-7,2.3436133819078082e-9
6.970418407004308e-7,2.349800064826982e-9
6.972541887645681e-7,2.3543821268729153e-9
6.974258233525135e-7,2.3594027915767446e-9
6.97563132065218e-7,2.3637173427691487e-9
6.976727866736511e-7,2.3673858688041334e-9
