amp,std
0.0,0.0
-8.92672130463292e-19,3.773862899996012e-20
-1.1865267137873282e-18,7.326191507776386e-20
-1.2127014642725223e-18,7.791303102671214e-20
-1.2141388579008317e-18,7.813646711288851e-20
