amp,std
0.0,0.0
-0.4956255367104603,0.005017834061572094
-8.62764551447251,0.1084925943680528
-68.94103385305205,0.8552443279881956
-304.8044238544013,3.7396524827736055
-1049.8477824651375,12.698949602233526
-2913.360721390799,35.62806742363095
-7313.7096960431945,93.34270468779906
-15987.343669012866,209.01172130720104
-32764.907846671926,446.6475938808921
-62695.44366350556,875.2165011187205
-112893.62415282271,1621.6086972911078
-194184.62129662064,2880.6943880970357
-321563.080398971,4999.946895126452
-510095.17413504655,8133.490110030566
-797498.3664215495,13108.64323160001
-1.2055363897421334e6,20822.968059000803
-1.7717507476269545e6,31337.08691823043
-2.54053886884274e6,45802.36509850693
-3.643073372590537e6,69970.01698444957
-5.12335919093924e6,73831.97179886009
