amp,std
0.0,0.0
-7.436260775490719,0.5617721419948475
-304.7897285655029,22.974654570864853
-7643.743784966827,481.24664490207596
-89041.09148797787,4879.181283375351
-751241.8133136794,36845.20994062818
-4.0804796117986008e6,183695.18954569384
-1.8952694875105694e7,837038.1525920376
-7.094421657552812e7,3.07544367978914e6
-2.3811543768406823e8,9.747340181675794e6
-6.566790177299175e8,2.778053507543104e7
-1.896220416917013e9,7.858496161180651e7
-4.946605473458941e9,2.1228929374611694e8
-1.1740807303925076e10,5.004832182916675e8
-2.5601070355296524e10,1.1341006162884877e9
-5.594748108925911e10,2.5309144267894764e9
-1.1338396953005951e11,5.112770749598574e9
-2.215377520119717e11,1.032003332070738e10
-3.947264045037074e11,1.8718504875777195e10
-7.795233975649939e11,3.832373152674224e10
-1.37898143503131e12,4.23133795055926e10
