amp,std
0.0,0.0
1.0295708640424732e-6,1.4759627586427292e-9
3.1597539182734952e-6,5.477821518273383e-9
5.694432674223393e-6,1.1047242341347127e-8
8.289328767651783e-6,1.7552062461075553e-8
1.0851083537715594e-5,2.4926282552801387e-8
1.3302474808076092e-5,3.284896246467781e-8
1.5629772236050214e-5,4.118428753572068e-8
1.7806231763201423e-5,4.974248360148483e-8
1.9826734694736187e-5,5.8476044156193684e-8
2.1725349853467952e-5,6.73743252053086e-8
2.349126221966212e-5,7.634844717965478e-8
2.5106239610174417e-5,8.502382569335091e-8
2.6632897202592075e-5,9.397128920834445e-8
2.8043578479731425e-5,1.0277950955586261e-7
2.937566656141388e-5,1.1168343639838742e-7
3.060444222676671e-5,1.2035300049403815e-7
3.1756488538284316e-5,1.2882957932174513e-7
3.283426777166858e-5,1.3716364599329508e-7
3.3828854145239355e-5,1.4518310367906413e-7
3.477420844611815e-5,1.5336429553382976e-7
