amp,std
0.0,0.0
1.5223219214371076e-6,2.0880214178963346e-9
5.774318372483261e-6,9.843902069763062e-9
1.257320662270033e-5,2.3689156500520955e-8
2.141421798210907e-5,4.355428141707252e-8
3.201095757851629e-5,6.992787259521762e-8
4.4070180224196145e-5,1.0300448073160615e-7
5.739760173017327e-5,1.427999663476997e-7
7.157110221822174e-5,1.8894989763085908e-7
8.652839275004816e-5,2.4209389725674243e-7
0.00010206649104087807,3.0155165914010024e-7
0.00011799871192508119,3.671600652386267e-7
0.00013407553002177738,4.3731324470178533e-7
0.00015060253504475482,5.143439529110932e-7
0.00016722001913642372,5.965258381792456e-7
0.0001837119932245792,6.831577612085332e-7
0.00020051012787394344,7.771166265463859e-7
0.00021699008594090852,8.741074527251569e-7
0.00023344117656989624,9.757697307617045e-7
0.0002497151981130056,1.0807905438437467e-6
0.0002659929426742928,1.1912197407052085e-6
