amp,std
0.0,0.0
1.0670661111111113,0.0014815427548267501
5.230839097222221,0.008519014163094318
14.208381679166665,0.024301888503943304
29.08207793531746,0.0519902235836531
51.61013839722222,0.09625357504234894
82.75174484738993,0.16056323797991964
124.35064603461639,0.2505901697146104
177.3833296126455,0.3695808277833544
243.41653892230119,0.5249887228478204
323.84390154154386,0.7215227343320847
419.74517707640024,0.9623571580123313
532.5858796415597,1.2501669702558211
664.1395912552796,1.6034700658138963
815.0586341654594,2.017454942606068
987.7420859357883,2.5014239614592646
1181.2072784390373,3.051942904721944
1400.444406248475,3.6940101890010593
1643.2024951647031,4.4151774310792975
1914.8390497511384,5.2366270761055835
2212.947158712853,6.150364866311624
