amp,std
0.0,0.0
1.082388888888889,0.014830833744448846
5.292309027777778,0.0878579469915247
14.156839305555556,0.24774494461530827
29.14532998866213,0.5219069900810664
51.58626243764172,0.9509263701723798
82.42463517479214,1.5776046622449926
122.64951399542869,2.4366915882140145
175.48112813305295,3.6256378071294675
241.49936856728675,5.197304601115222
323.0604547103814,7.175112152816264
417.1468290577198,9.476205539387538
524.9127618978123,12.283702820481098
657.0497693881177,15.736000359665645
809.9751603919057,19.771631267667072
981.2547839065815,24.71581747012514
1180.0456788682086,30.55701213120951
1401.762276400152,36.50341152182055
1644.5606646177278,43.23600512123921
1922.8413551062486,52.2513553042085
2226.710259113905,62.507662096201784
