amp,std
0.0,0.0
8.964028806086183e-19,9.531201134004606e-21
1.4351544509764173e-18,1.9564797224845473e-20
1.4911725314693884e-18,2.132725262153814e-20
1.4978959248848785e-18,2.16715034207503e-20
1.499283939281935e-18,2.178844398930688e-20
1.4995288675313436e-18,2.1820385433923237e-20
1.499585709472772e-18,2.1831867487410887e-20
1.4996050001751972e-18,2.183595126871151e-20
1.4996104916515515e-18,2.183935849512465e-20
1.499617637232638e-18,2.1844448655940947e-20
1.4996189751612502e-18,2.1844900512141027e-20
1.4996202160918615e-18,2.184592776411436e-20
1.4996209466615908e-18,2.184651900664669e-20
1.499620933184611e-18,2.184661182143803e-20
1.4996209829844051e-18,2.1846649106121646e-20
1.4996209900105013e-18,2.184665152873302e-20
1.4996210296405646e-18,2.1846678072797433e-20
1.4996210326938262e-18,2.1846678995215546e-20
1.4996210356616123e-18,2.1846680198803774e-20
1.4996210361479506e-18,2.184668021680438e-20
