amp,std
0.0,0.0
1.0692333333333335,0.004702867245166516
5.194143113425925,0.027038441843425624
14.220442141203705,0.0766890355784221
28.969489333002645,0.1627356953207254
51.587872761574076,0.30160470787601545
82.66398585360764,0.5038586740922529
123.96986259413057,0.7824201462083842
177.1360278858141,1.1628435208342922
242.8166368387589,1.646384019671663
322.9685446426239,2.257269956599409
418.26496180644983,3.0111018607829085
531.7298248395651,3.9320777920867096
662.95879519441,5.017465464890858
814.3811998826997,6.3197218444002745
987.7362386278186,7.8545912180310795
1183.8346641171734,9.610893028176035
1402.4096254298038,11.598749504169113
1647.5941122643355,13.901703046140858
1916.3147946270724,16.451619825643085
2215.93864868524,19.34550728313118
