amp,std
0.0,0.0
1.0671944444444446,0.004704324910831583
5.199852025462962,0.026809508362985852
14.220050381944446,0.07662093739279144
29.033992013463724,0.1633752572968245
51.69998908149094,0.30510967572223835
82.82082391583995,0.5074449120339563
124.67391383219152,0.7983481629227698
177.67018066455043,1.1742701306863308
243.63911470797768,1.664555690552954
323.3445263395893,2.2806761042325645
418.86627123813145,3.0437016736989437
532.9708036420617,3.973712808096579
664.1087538813164,5.091831426662624
813.6094416753152,6.359392027872872
984.3228439663667,7.854746715317548
1182.4472676465468,9.725662178404761
1401.391225980913,11.700148779045152
1649.9097720157151,14.070924128944315
1924.0064453974526,16.68244472153684
2224.6918980726928,19.6373971817554
