amp,std
0.0,0.0
0.022028593067272426,0.0004918653134600154
0.18966652204689993,0.0045787465452139684
0.5985146612785177,0.015642894732274273
1.3268154116534894,0.03535638075772282
2.509681064216823,0.06887150876663864
4.201155968573339,0.12247623543248969
6.554458756893929,0.21098227929888602
9.300143576114603,0.2972358590312858
12.813439418077387,0.4268004349766301
17.105493548591003,0.5978304239753011
22.49372232000962,0.7965624899616873
29.017082718685202,1.090089938088651
36.66310879116042,1.6442486013277033
45.502820628087996,1.996699078598151
54.32232032721636,2.3291058449559974
64.72524031871365,2.8287341077403108
76.90224609955409,3.4938064346790907
89.81449077269174,4.2209496657844765
105.24445163055245,4.961195521860596
121.0534848324083,5.068625936408329
