amp,std
0.0,0.0
0.02283706267364147,0.0004888835542170263
0.19058523843355238,0.00455991632527755
0.6103026287941292,0.015390610978782025
1.334021938064752,0.03597985172555751
2.5129564303245013,0.07099768382840388
4.181051152659763,0.1238505022489849
6.575272519328933,0.22872347342311386
9.493725802391527,0.38252149549774017
13.185314665232703,0.5119692419038742
17.396700789350213,0.6716239711677428
22.952837831475044,0.928736516595165
29.4602066459039,1.1736957660269978
37.12624565043507,1.5336583807959094
45.65179973535716,1.8969790458210274
54.965284258630646,2.280604541096525
65.39495727878516,2.7819144072202713
77.71961079384455,3.389942988273594
90.17753425404209,4.034998037359794
105.50598858367584,4.776927832938894
122.22365464976548,4.882369675808538
