amp,std
0.0,0.0
0.02308171853900271,0.0004905301436112864
0.18434851516388742,0.004569070982731432
0.5887629406599433,0.015552221108478636
1.3513792284894035,0.03640705546782646
2.539512362060772,0.07219107992057627
4.182913055557631,0.12571677954670218
6.422864872238218,0.19566768952747454
9.44346330786821,0.3701030584883514
13.091556517574578,0.488390596249277
17.471015984593333,0.7108988249362401
23.12464940263302,0.972910460709651
29.485889303651717,1.308639624012934
37.17809047350871,1.6638218499900193
45.62068815093436,2.033282612613461
55.36500269262525,2.38442240746341
66.30518162951967,2.8784018656162655
77.97200262301206,3.327926504819195
90.82522299710932,3.863219766450044
105.38040605770215,4.991837796883407
121.6964158264074,5.0883198815479505
