amp,std
0.0,0.0
2.967634881076466e-7,7.070941248401058e-10
5.133171995121531e-7,1.3723163220850113e-9
6.069880407721221e-7,1.7299313044862488e-9
6.512883443122748e-7,1.9343829725694747e-9
6.743766880590445e-7,2.065569657864348e-9
6.873024536175881e-7,2.1518364072437037e-9
6.950976249008138e-7,2.2136871964739805e-9
6.999547329792943e-7,2.257266114564627e-9
7.032319410879969e-7,2.2931162315696426e-9
7.054288962176707e-7,2.3198995046226782e-9
7.06921090412919e-7,2.3402562940005004e-9
7.079925177400642e-7,2.3570506454147874e-9
7.08760806785832e-7,2.370510261458316e-9
7.093526300606888e-7,2.3829637466007143e-9
7.097747869797563e-7,2.391333144170455e-9
7.100873556287184e-7,2.397808775371725e-9
7.103384070630131e-7,2.4038137753610153e-9
7.10539389337385e-7,2.410231005575146e-9
7.107005467055948e-7,2.415653390565433e-9
7.108250061273498e-7,2.419689453894641e-9
