amp,std
0.0,0.0
2.976571050305296e-7,7.046951044243893e-10
5.149815414284612e-7,1.3725255707004188e-9
6.093000590792597e-7,1.7334351938379167e-9
6.534452202261218e-7,1.93717714065258e-9
6.764927569799614e-7,2.066537105218927e-9
6.895537689116965e-7,2.1540015052550092e-9
6.972478155135082e-7,2.2143431996693104e-9
7.019903677507113e-7,2.2559094490166094e-9
7.052702365651829e-7,2.2908039070033168e-9
7.07431721561748e-7,2.3166901055167635e-9
7.089042274611856e-7,2.336394141234193e-9
7.099949359537549e-7,2.3527967422289266e-9
7.10770473328552e-7,2.3660682594458283e-9
7.113296221168649e-7,2.3766220559356382e-9
7.117608893749894e-7,2.385345754346712e-9
7.120819472627946e-7,2.3923775551928534e-9
7.123239122106093e-7,2.3977407440790973e-9
7.125208922544536e-7,2.4029582836832007e-9
7.126727555680238e-7,2.4075655618750516e-9
7.127985259536132e-7,2.411554690871585e-9
