amp,std
0.0,0.0
2.9766180749745284e-7,7.056203962100158e-10
5.124257871549204e-7,1.3682949055558872e-9
6.059185656829515e-7,1.7277215632815155e-9
6.499140415196423e-7,1.930882164637296e-9
6.728183431066542e-7,2.059019493907766e-9
6.856707025047122e-7,2.1445030430418782e-9
6.93459266602299e-7,2.206095839916492e-9
6.983794236615314e-7,2.251083019003758e-9
7.01607072505098e-7,2.285747065318914e-9
7.037885420304793e-7,2.311729376553108e-9
7.053408226946169e-7,2.3339518786561056e-9
7.064464633328151e-7,2.3521723489765676e-9
7.072120161687457e-7,2.3651808201144266e-9
7.077829358860745e-7,2.3763356267886126e-9
7.082045370265552e-7,2.384587470634096e-9
7.0853248978082e-7,2.3924403261148556e-9
7.087882512063833e-7,2.3992010247338063e-9
7.089826510838695e-7,2.4043997097839994e-9
7.091428897416797e-7,2.4097196813326674e-9
7.092637122444563e-7,2.413455007853765e-9
