amp,std
0.0,0.0
2.9778077196720077e-7,7.073911367720023e-10
5.137064838855676e-7,1.3731211520662362e-9
6.075222550268662e-7,1.733376435933096e-9
6.517694782877214e-7,1.938986158267693e-9
6.749924737990304e-7,2.0698568617267215e-9
6.87876961248825e-7,2.1554089252877147e-9
6.956526581828661e-7,2.216306489212368e-9
7.005234980780471e-7,2.2609523088313087e-9
7.037434472315004e-7,2.2950679247927153e-9
7.058837647878967e-7,2.3205199254722955e-9
7.074067775640892e-7,2.3411887297084596e-9
7.084693117339869e-7,2.3572037909483707e-9
7.092436608171064e-7,2.3706826250965534e-9
7.098204126775909e-7,2.381870920583141e-9
7.102643118292203e-7,2.3914343116430738e-9
7.105870964428893e-7,2.39919493935674e-9
7.108476516447993e-7,2.4061835029864884e-9
7.110492257913452e-7,2.4121742341521013e-9
7.112049088218292e-7,2.416826886417143e-9
7.113325161949764e-7,2.4215051451579713e-9
