amp,std
0.0,0.0
1.5670893933614753,0.007949395687676846
9.67963502804689,0.05576419429154235
32.877060609520285,0.18924885983325834
79.93617395875455,0.4594724516047185
164.72899767173368,0.9595340299136796
300.724796488514,1.7582584766624878
507.5990175344944,3.0352809666117944
803.3017775488513,4.8728597979183546
1210.5147843904233,7.493795099857561
1753.7198139900734,11.043567302693983
2457.290891845829,15.814705591862158
3368.9906438048274,22.02676060514747
4503.9418225134295,30.076874941483858
5898.532445800606,40.36198834567874
7597.623155679434,52.94124395874696
9631.59205977228,68.06842123072073
12064.075618108849,86.22401555183441
14884.456389987343,107.68005528588306
18187.622656822827,133.14890070081395
22019.44777213416,163.20685754016455
