amp,std
0.0,0.0
1.5670945542693888,0.00798711288172404
9.721157062512379,0.05605045464713414
32.82827491641325,0.18884338954833696
79.56439168868897,0.45810651923491347
163.9626704352442,0.9604092397138493
299.5166498289303,1.7723354272648768
507.03826712859734,3.068606390799825
803.4003058097027,4.926453068230766
1212.8515898685168,7.550868021147892
1756.7695305934378,11.086075368014496
2465.962276785187,15.854760129116269
3376.47415711186,22.172678676828667
4503.751960957046,30.078918849452215
5896.6884013832605,39.90676800604734
7587.255346766628,52.09488194215328
9649.509099777153,67.74478912547744
12074.312687134836,85.82445268970937
14970.381823668145,108.04779781017768
18326.098732365026,134.0171517306785
22204.41362940245,164.84691646153425
