amp,std
0.0,0.0
2.1895138278671244e-6,3.513927383280193e-9
1.0162726161882841e-5,1.9226152507316628e-8
2.6474420616092297e-5,5.2917315084146835e-8
5.186009838165487e-5,1.0791628912710337e-7
8.751526408756097e-5,1.908686017658689e-7
0.00013334188525139618,3.0408908792297124e-7
0.00018967918951110792,4.5440391125097993e-7
0.00025546965395415827,6.434594168999747e-7
0.00033097997620339917,8.767201044142605e-7
0.0004152033351954452,1.1565255788973409e-6
0.0005078698351975028,1.4893104106417085e-6
0.0006088927452660084,1.872921184893162e-6
0.0007161701615412686,2.307067757098932e-6
0.0008301410769772405,2.79564753056002e-6
0.0009508707580824129,3.34369194193907e-6
0.001076873563617362,3.953232531022872e-6
0.0012081397226365817,4.619299867823009e-6
0.0013441343790355858,5.345231196193927e-6
0.0014839285640119316,6.1264663522244794e-6
0.0016283287171680954,6.968834219240741e-6
