amp,std
0.0,0.0
2.232980872071194e-6,3.623055597836146e-9
1.0454103816660777e-5,1.996254674896992e-8
2.7637989247016754e-5,5.5508427181219586e-8
5.4798477584519606e-5,1.1420744186216135e-7
9.384028276065792e-5,2.0426152490507204e-7
0.00014442931040573582,3.280319116523202e-7
0.00020804127297367232,4.967676649876161e-7
0.00028367620185530045,7.132727719359489e-7
0.00037194172521378516,9.841881290281904e-7
0.00047219418258948184,1.312003722763896e-6
0.000583888090937963,1.7012400405049886e-6
0.0007056908896254884,2.156317437409898e-6
0.0008373823252447775,2.676964839503656e-6
0.0009790806306412157,3.2661048237891003e-6
0.0011300332198023186,3.936635048729826e-6
0.0012885344859964905,4.6773383160865055e-6
0.0014564922496293283,5.514920570476914e-6
0.0016317678623455423,6.426918117703145e-6
0.0018155862722552662,7.44058316007954e-6
0.002003573247571392,8.513184762662805e-6
