amp,std
0.0,0.0
2.241740689332864e-6,3.6412644157574003e-9
1.0475890299945041e-5,1.9977664278747036e-8
2.771976570487646e-5,5.5732257216657096e-8
5.5100225528850665e-5,1.1534307295619784e-7
9.40712300370266e-5,2.0511536327828552e-7
0.00014504831798296412,3.3097990878822954e-7
0.00020891404800977382,4.99652938030113e-7
0.000284493715443292,7.141024618608998e-7
0.0003726052841619228,9.84104659737499e-7
0.00047251688280511707,1.311929803383806e-6
0.000583418126482178,1.700801314849465e-6
0.0007046653003509429,2.150664483586549e-6
0.0008368155724428406,2.671372252329561e-6
0.0009784897828060484,3.2655710558622552e-6
0.0011287373181630177,3.936797582021058e-6
0.0012883265705022071,4.68474360407404e-6
0.0014550024301570724,5.514758802143428e-6
0.00162951397627214,6.4177776422859395e-6
0.001811637341379512,7.409960474442681e-6
0.0020009395560032736,8.493636252540745e-6
