amp,std
0.0,0.0
2.2361924890341694e-6,3.6330835301856403e-9
1.0511344997794296e-5,2.0007551261863285e-8
2.7697518802356587e-5,5.565131770860889e-8
5.4858762184781715e-5,1.1448875711000666e-7
9.377875723275988e-5,2.0361849340974724e-7
0.00014474221913023745,3.2926300802484123e-7
0.00020820240115816753,4.968310413055809e-7
0.0002843388689104687,7.13550002747788e-7
0.00037249165478376515,9.83545987797648e-7
0.0004719411268374411,1.307513335855877e-6
0.0005830015918059503,1.6987359949502791e-6
0.0007049323407511757,2.1531024995057253e-6
0.0008363432236866098,2.6781384046284783e-6
0.000977182990657436,3.2675546882794622e-6
0.0011269545395557181,3.9395925723304344e-6
0.0012865753979820307,4.689075467136761e-6
0.001455227716451179,5.5244204896576754e-6
0.0016303829456036725,6.443607794886422e-6
0.0018106175698991477,7.42255949958344e-6
0.0019996134440559677,8.496829413652893e-6
