amp,std
0.0,0.0
17.552666666666664,0.9613725433425998
361.4784791666666,17.34425321206777
4116.185308055555,169.7690026459408
23372.266331128118,858.7383949782328
118251.27659398525,3850.5698614206412
409932.6164639952,12532.113374470648
1.3058361161501661e6,37512.16690753172
3.4952188282339694e6,96244.54526973047
8.720169442319041e6,230436.00850730253
2.013402969250577e7,515682.0566592767
4.2754051834753506e7,1.0620227675202405e6
8.655051496144201e7,2.0830709799653362e6
1.6853086000684524e8,3.9531219782590983e6
3.0584580043883663e8,7.088495176140763e6
5.3400939492421675e8,1.236678646853444e7
8.987459436668565e8,2.087056923235079e7
1.4847554160859911e9,3.406678658604312e7
2.3819436108253326e9,5.442076915498138e7
3.7126482871114807e9,8.474064194677734e7
5.652937040091972e9,1.3087608912561049e8
