amp,std
0.0,0.0
5.983044749485316e-7,3.003034636166498e-9
1.5838857445544963e-6,9.408067030240514e-9
2.502334869996098e-6,1.6590677377563857e-8
3.258674517131517e-6,2.3429321283814248e-8
3.878875038585576e-6,2.98088440998966e-8
4.38996601123585e-6,3.579043530530314e-8
4.815746075587687e-6,4.144807201193052e-8
5.172394992185486e-6,4.6805205922212254e-8
5.470662759042015e-6,5.157831057147069e-8
5.716996314506151e-6,5.574536832830565e-8
5.937950847716836e-6,6.012719930544455e-8
6.127024653160895e-6,6.434197488009465e-8
6.29670019000085e-6,6.814716561871181e-8
6.439972641418917e-6,7.167664460373282e-8
6.565381541825718e-6,7.477237696743201e-8
6.680082423503082e-6,7.785972251731895e-8
6.783172103924462e-6,8.089065632484334e-8
6.872400498774011e-6,8.368347397829758e-8
6.957692966477379e-6,8.642066351863392e-8
7.026176571288986e-6,8.860870096438128e-8
