amp,std
0.0,0.0
0.015905349794238702,0.0011439561200730557
0.11113114973154581,0.009551125991302744
0.32582178333252965,0.030021017030570786
0.628445711581882,0.06173672467901903
0.944523086221093,0.09167148185345216
1.326242211469643,0.1301642938108828
1.8536831458077359,0.19953840039514087
2.4021857835005056,0.2669256969645958
3.1563523399882185,0.3849380664510926
3.9157214763115666,0.5163487279022012
4.641124779952445,0.5966248911993846
5.445047684075213,0.6985625238623068
6.294157165539378,0.7946830290666363
7.461943761147318,0.9959042177369477
8.73407342811698,1.2148993883034356
10.295781306560633,1.560795637747178
11.244926885872285,1.6579496723185667
12.688605664022704,1.8528290653488826
13.990517241307316,2.0271924531160113
15.415969937570344,2.0559741186426033
