amp,std
0.0,0.0
-0.153704046848136,0.003718866128455806
-1.420889676255821,0.05085362926265086
-5.5041109370314825,0.21506558569079556
-13.843200595855437,0.6074693858383696
-30.377041487269054,1.3775524212221302
-58.28010706533166,2.935959850923413
-100.25037877478923,5.217836186822499
-153.36510464834612,7.990709743059499
-235.45373888942956,12.697273454952262
-350.9672082892466,19.557792494564858
-516.8801732437452,32.221015241752724
-681.2597744308322,42.20794697267913
-914.5057583071805,62.392355242161756
-1210.6381179996265,88.5813155263312
-1585.1034994946383,120.39590238850482
-1994.6274651403414,152.43360171620722
-2456.194255796355,208.19669850491795
-3041.364021661193,254.34591651743423
-3787.875308631088,319.65427229999614
-4408.374812004936,326.03346617059384
