amp,std
0.0,0.0
0.01536720679012347,0.00037038585644903716
0.1060379055447049,0.002894347684110303
0.2922046577610275,0.00859551030845253
0.5526567939043038,0.017056111394548053
0.9120450289035755,0.029840471965444815
1.3274972412497206,0.044699763811651784
1.861177778606409,0.07138158437106623
2.4562888932365885,0.09561524873969283
3.1290200628385874,0.1308715118126898
3.853945935770951,0.17110282030019264
4.614883398271488,0.2039149433036018
5.4409838430280955,0.23965715530532783
6.4027094671682,0.2921808431075862
7.487217067608862,0.35751884827079516
8.560792438163384,0.4445507019178416
9.979660317658633,0.6577352989303843
11.137744968729075,0.7259177830381847
12.296504149112508,0.7968003783471903
13.835804608347242,0.8793314997431412
15.317204172528921,0.8942713641732242
