amp,std
0.0,0.0
-7.888799729306233e-18,3.0879656664450185e-19
-1.237264553540502e-17,7.61007049626751e-19
-1.31519041991364e-17,8.735137217760822e-19
-1.3241944066399082e-17,8.849352663050153e-19
