amp,std
0.0,0.0
3.3597560790453518e-18,3.4261275148694223e-20
6.19315300007758e-18,8.177679507742581e-20
6.695016441855538e-18,9.490675203153817e-20
6.8067993812070496e-18,9.972560164280337e-20
6.833903915949095e-18,1.0157668948048848e-19
6.840987347926694e-18,1.0215461358125821e-19
6.84409402823629e-18,1.0267635670542303e-19
6.84523722509068e-18,1.0281174063134848e-19
6.845461187105196e-18,1.0295515086946342e-19
6.845617830703816e-18,1.0298332705348962e-19
6.8456997326393965e-18,1.0300164061902193e-19
6.845744430022475e-18,1.0301113604154977e-19
6.845766129872004e-18,1.0301483111127568e-19
6.845777164782792e-18,1.0301758495824508e-19
6.845783182587258e-18,1.0301887202016533e-19
6.845785845947609e-18,1.0301960345887319e-19
6.8457886036233884e-18,1.0302063222285234e-19
6.845790468499804e-18,1.0302157972924685e-19
6.8457905458293036e-18,1.0302188030382975e-19
6.845791005553548e-18,1.030218997603412e-19
