amp,std
0.0,0.0
3.37927459350767e-18,3.4266384916199466e-20
6.176264381649947e-18,8.125824065928665e-20
6.669862189565276e-18,9.442299572245356e-20
6.7751798708222654e-18,9.885514192664402e-20
6.803563286530685e-18,1.008841962144949e-19
6.812405119623129e-18,1.0181566632183673e-19
6.815295674636305e-18,1.0214503740744405e-19
6.816968898851974e-18,1.0265550682438375e-19
6.817312430662085e-18,1.0270257571379492e-19
6.81757843634568e-18,1.0276557660318491e-19
6.8181575740047606e-18,1.0317229317104679e-19
6.818208250922364e-18,1.0319703718974334e-19
6.818226095633589e-18,1.0320052368397077e-19
6.818241145437259e-18,1.0320469134807864e-19
6.8182655206460784e-18,1.0322333992025497e-19
6.8182636352938656e-18,1.0322814057388976e-19
6.818266981181848e-18,1.0322939766661319e-19
6.818270508035419e-18,1.0323305530333345e-19
6.8182710884526364e-18,1.0323358632087111e-19
6.81827174847484e-18,1.0323362691001224e-19
