amp,std
0.0,0.0
-0.15050607473638775,0.0011582971017056287
-1.365757016528726,0.015574498243118344
-5.336025148499339,0.0667324461327525
-13.906865063481717,0.1890156362530913
-29.952565704896067,0.4375828649843193
-55.48237234208497,0.8490366428288407
-99.57357045551626,1.7195276339130372
-156.58139960450038,2.767770330456602
-244.30411086386636,4.649345764528418
-354.18867694425944,6.945433347221515
-502.62485124426337,10.768680345441776
-686.4196753124739,14.787369449147498
-925.9286698412311,22.237586821084225
-1201.1458630722873,28.923780057809164
-1537.6833016554542,37.54976560129896
-1948.8578329612558,48.57544701654702
-2455.311916890199,63.08914239386676
-3008.9767682927472,78.09896554484853
-3710.438313519929,99.4777484866058
-4509.15061302818,103.13559016504038
