amp,std
0.0,0.0
0.7458501569445362,0.0033985852226553898
2.937509987873847,0.015319461138456029
6.599326866393573,0.03697144445874998
11.479991889636148,0.06825128909755668
17.679478302586745,0.11293180267358115
25.037110180971798,0.16827060869677013
33.603566209791,0.23821424919749673
43.270289058473,0.3197604803272836
54.224677777899366,0.4216148250165894
66.24465605343457,0.534306592694255
79.40959357338643,0.6689681800699844
94.01513967982898,0.8179714369157892
109.76459926801374,0.9945182292676209
126.69017605310752,1.1904521057386828
144.905659311942,1.4060450575802683
163.99454581994505,1.6286459879048891
184.3150852156632,1.8809650146089303
205.59712919535326,2.130988329214032
227.929017942623,2.394300650663787
251.61067088648923,2.70087003411712
