amp,std
0.0,0.0
1.055160458469994e-6,1.5107441571938363e-9
3.2745298422537975e-6,5.6649158170906485e-9
5.9798164059250074e-6,1.1615177499960345e-8
8.81004323524373e-6,1.8706276902634358e-8
1.1680387927431367e-5,2.6829812807403944e-8
1.4488209703210559e-5,3.5718076939143995e-8
1.7171870065280882e-5,4.5232122596551206e-8
1.9744173207387553e-5,5.516447404728928e-8
2.2208933357639618e-5,6.56497176882736e-8
2.4520566611147625e-5,7.618755750722071e-8
2.6702866456514575e-5,8.69467562534036e-8
2.876858880856864e-5,9.795505556599984e-8
3.0698436503727643e-5,1.0891976407280565e-7
3.252308070040596e-5,1.1997505030089724e-7
3.4257001477967726e-5,1.311730616588425e-7
3.587407674927664e-5,1.4224238047486413e-7
3.738178063651324e-5,1.5304312898741663e-7
3.882288535106562e-5,1.6399165733820538e-7
4.015965606762557e-5,1.7461802896016903e-7
4.1443090346536204e-5,1.854605266276999e-7
