amp,std
0.0,0.0
3.462459383975577e-18,3.480242526913907e-20
6.405743780815422e-18,8.363025057374445e-20
6.924152865707392e-18,9.739449288686218e-20
7.029820625183409e-18,1.0168657102579504e-19
7.05819343173632e-18,1.0361369881287835e-19
7.06722049483999e-18,1.0460693935883793e-19
7.07097323275108e-18,1.0529861465316813e-19
7.072155327503673e-18,1.0552797206602229e-19
7.072658893320808e-18,1.0563888858288005e-19
7.073007449113721e-18,1.0577366439632544e-19
7.073083968409633e-18,1.057866090580351e-19
7.073098193345664e-18,1.057997945362524e-19
7.073141079041038e-18,1.0581623852104484e-19
7.073152574250448e-18,1.0581914225562086e-19
7.073158429600709e-18,1.0582035544764839e-19
7.073161762675607e-18,1.0582092850214934e-19
7.07316407478495e-18,1.0582185882430684e-19
7.073166510211178e-18,1.0582263565178702e-19
7.073166806105127e-18,1.0582340789139621e-19
7.073167338636619e-18,1.0582343032067767e-19
