amp,std
0.0,0.0
1.6989083016417664e-18,1.734772157880116e-20
2.8279987460661002e-18,3.7646925873143773e-20
2.957045603872808e-18,4.1531792514591567e-20
2.978019889438621e-18,4.2559111447561324e-20
2.9828669658783158e-18,4.296061059050748e-20
2.9837621439835737e-18,4.306506140215072e-20
2.9840211369248936e-18,4.310973438215248e-20
2.984118307411421e-18,4.313284994862674e-20
2.9841487630920368e-18,4.3140482088166756e-20
2.9841635736619374e-18,4.3145801029882624e-20
2.9841749607808978e-18,4.3153311692345084e-20
2.984178928016759e-18,4.315508000888937e-20
2.984179862469191e-18,4.315548293225133e-20
2.9841806350849872e-18,4.31558582711678e-20
2.9841810011551326e-18,4.315611121306387e-20
2.9841811097431424e-18,4.315618279672186e-20
2.9841811271403696e-18,4.315618792892552e-20
2.9841811485723333e-18,4.3156197679305693e-20
2.9841810854733895e-18,4.3156273985016745e-20
2.9841810918651943e-18,4.315627432130129e-20
