amp,std
0.0,0.0
1.6598399033084556e-18,1.7354296548365635e-20
2.7823928687089222e-18,3.751754418911571e-20
2.9170106612955958e-18,4.156630248706918e-20
2.9381523336176356e-18,4.2609266393315544e-20
2.9422557916246368e-18,4.29354749791403e-20
2.9432587396670724e-18,4.30529201042606e-20
2.943514571554425e-18,4.308961956732025e-20
2.9436100240268924e-18,4.313120396733816e-20
2.9436641018141577e-18,4.3165843454742354e-20
2.9436745325040635e-18,4.3168386341211786e-20
2.9436776384150234e-18,4.3169124780158116e-20
2.9436716810710257e-18,4.3176791639851746e-20
2.9436726149721597e-18,4.317717153711074e-20
2.943675129268256e-18,4.3179480177466004e-20
2.9436753048627466e-18,4.317960318436154e-20
2.9436753547013658e-18,4.3179625457668784e-20
2.9436753763991364e-18,4.317963224945209e-20
2.9436754089427206e-18,4.3179647835777826e-20
2.9436754517118206e-18,4.317968448255959e-20
2.943675440557557e-18,4.317968688253485e-20
