amp,std
0.0,0.0
3.1275530986901266e-18,3.120768290331498e-20
5.610139186727024e-18,7.335260469496804e-20
5.990843435243191e-18,8.380981793220655e-20
6.070365974429691e-18,8.729670009276679e-20
6.092828246973077e-18,8.89486858342932e-20
6.0980484440643e-18,8.947210829593956e-20
6.099825397410282e-18,8.973232812795751e-20
6.100589935755809e-18,8.988577485337921e-20
6.100866616285104e-18,8.994387598878094e-20
6.1010130842058395e-18,8.998908860830437e-20
6.101128781570746e-18,9.005810089539087e-20
6.10117546764889e-18,9.007703410216723e-20
6.101188349019886e-18,9.008191041557635e-20
6.101199308337601e-18,9.008676997589296e-20
6.101204824800602e-18,9.009020949744828e-20
6.1012066703300434e-18,9.009128192468343e-20
6.101207068182257e-18,9.009138161931064e-20
6.101207550883358e-18,9.009157841100569e-20
6.101206565417732e-18,9.009287788751068e-20
6.1012067224707825e-18,9.009288526342934e-20
