amp,std
0.0,0.0
1.572003085456065,0.00793023207724351
9.64233678601894,0.05588593764194442
32.54111623704611,0.18977033387524803
79.2957846650016,0.4615810676590474
163.97744323742444,0.9598836416429164
299.9494184427841,1.7642337933355767
507.5607909548728,3.04052170401281
804.6328183583944,4.894336890419776
1213.3060749889846,7.51923513850754
1759.3257898842753,11.136193363831339
2462.324813741002,15.929520094780266
3375.417026277963,22.21580213276067
4506.312679845962,30.208690280326643
5908.410652248221,40.38968756767448
7601.5070704025175,52.935461530453566
9625.312806189406,67.89306733672885
12048.628930650284,85.74726054840836
14900.69815336217,107.6530648236033
18224.957370429624,133.37227396636047
22057.646120577414,163.3540645144525
