amp,std
0.0,0.0
2.1821851835914448e-6,3.5235385961727933e-9
1.0143220417797442e-5,1.9219618498744348e-8
2.6459903363511395e-5,5.275611817914471e-8
5.181589207312662e-5,1.0780614191734476e-7
8.745800886631141e-5,1.9071381525102394e-7
0.00013322456829133897,3.0350555283349313e-7
0.00018941510721361303,4.5329496303653085e-7
0.0002552828518624919,6.428794787051671e-7
0.0003308344423322973,8.767187639831954e-7
0.0004151037211673113,1.1561949018424904e-6
0.0005075532643801676,1.4884770885527988e-6
0.0006089693987241937,1.8754311109112417e-6
0.0007161960856012239,2.3098944755583587e-6
0.0008303241550856101,2.798686140556128e-6
0.0009508383984559719,3.3467095715969335e-6
0.0010769319212036,3.956575451869726e-6
0.0012086185297081236,4.626200314263155e-6
0.001343978101406898,5.349187135891773e-6
0.0014844579832172873,6.137837369817218e-6
0.0016291347581394076,6.983443806962631e-6
