amp,std
0.0,0.0
2.185779811144926e-6,3.521688624262135e-9
1.0140216577469816e-5,1.9141558492728643e-8
2.6451688847274765e-5,5.279730384053212e-8
5.18439535684904e-5,1.0783055272823798e-7
8.756497754599903e-5,1.906756933796883e-7
0.00013331641424883288,3.040530090432935e-7
0.00018979794803337133,4.5586312914817473e-7
0.00025564555525080956,6.464160471425524e-7
0.00033097627996622254,8.79832288676749e-7
0.0004148870387646423,1.1566819123633542e-6
0.0005076779587760394,1.4880671922746265e-6
0.0006082242321337203,1.8688883195332042e-6
0.0007159981416240099,2.3026450236289213e-6
0.0008307091698044353,2.7949187192510868e-6
0.0009510163438005111,3.346014207093821e-6
0.0010772308593648835,3.956276929639916e-6
0.0012090262280200236,4.623853581248473e-6
0.0013453620952902335,5.346164668739551e-6
0.0014862040287522116,6.133529467202943e-6
0.0016300702429621864,6.979228532481661e-6
