amp,std
0.0,0.0
0.7483241097261963,0.0010922374837339431
2.9441128580502522,0.004875111249507677
6.565948591619643,0.011710179965586886
11.435654113880283,0.02168255257648968
17.603102895430524,0.03562610220203451
24.982874164645562,0.05367666431914809
33.578082481087336,0.07586469234317277
43.32597152079385,0.10290311277791307
54.29915796276062,0.13494216488268437
66.45406309378124,0.17196469750233254
79.83826673102243,0.2146022198528622
94.41625069041679,0.26264461625743224
110.09142060553192,0.3166298940625296
126.9903736419918,0.3762643369251105
144.9878627389927,0.4416523193936537
164.10187471886212,0.5109675632350427
184.53957800144173,0.589516661213728
205.9038808846807,0.6713632062376462
228.56820818261505,0.7608687563394767
252.3470382569932,0.8587529334807703
