amp,std
0.0,0.0
0.7480204339606424,0.0010944595614416166
2.941890648785297,0.004887622184697115
6.570745046419727,0.011749837508623313
11.448877188937944,0.021771311394211172
17.618309271167846,0.035781176935528784
24.98297952462205,0.05370136038244959
33.61085565678506,0.07625279181859988
43.36360008777488,0.10294914913092451
54.35122779595912,0.1348935213634086
66.44597522881217,0.1711300820221638
79.76206955161686,0.21329147714773353
94.23732912049611,0.2597964476862109
109.81278500776983,0.31229989573374983
126.62498365273224,0.37126118603891606
144.63675877774045,0.43681699797193546
163.89780003881395,0.5087583878544553
184.30561641598663,0.5870078417127417
205.68017422290995,0.6694627541840656
228.46514112853967,0.7588986905899546
252.32346517504376,0.8547991638164615
