amp,std
0.0,0.0
1.0412284192640201e-6,1.4975515789880275e-9
3.2250197561893277e-6,5.579019211267978e-9
5.857472271486707e-6,1.1348591951119858e-8
8.593535802545783e-6,1.819134039066443e-8
1.1320378413616135e-5,2.6024620112891894e-8
1.3951255154240061e-5,3.44143578946077e-8
1.647808507533215e-5,4.3404233382206274e-8
1.8857755181724943e-5,5.272426087019757e-8
2.1116768945512874e-5,6.242565584821515e-8
2.3244584135044713e-5,7.228143337561772e-8
2.521978173315044e-5,8.224988984336218e-8
2.7069922792161807e-5,9.2133024034145e-8
2.8796877247702865e-5,1.0207725702861423e-7
3.0430162568894085e-5,1.1223776459736675e-7
3.194489612128828e-5,1.2206205161033793e-7
3.3357821081709106e-5,1.3175904522556526e-7
3.470454875282726e-5,1.4150432469141344e-7
3.5947661917544735e-5,1.5101547993485025e-7
3.713328387228814e-5,1.608029684500241e-7
3.825053799483142e-5,1.7024595971615425e-7
