amp,std
0.0,0.0
1.0340550344943777e-6,4.750169019565675e-9
3.1698159602105986e-6,1.741835460087091e-8
5.719809981821857e-6,3.5119499203194544e-8
8.30730108097195e-6,5.6175105149057135e-8
1.0893685168140488e-5,7.991976507862804e-8
1.3363650955456406e-5,1.0529851379800386e-7
1.568565764561054e-5,1.321822608565187e-7
1.7841447690516976e-5,1.5928248292811434e-7
1.9859904261788123e-5,1.87089921483522e-7
2.172023927036951e-5,2.1433372659529574e-7
2.3478660779111296e-5,2.4254177344115257e-7
2.513261528633268e-5,2.72058920298486e-7
2.6685395952498195e-5,2.9982712488955517e-7
2.8092963954075363e-5,3.269577356120388e-7
2.938172142735187e-5,3.550582327749963e-7
3.056009811496734e-5,3.803344208909331e-7
3.171331141287404e-5,4.069869727549298e-7
3.2763320110860485e-5,4.328639847008622e-7
3.372420318681712e-5,4.5663161333750494e-7
3.4634225439677784e-5,4.79917132933436e-7
