amp,std
0.0,0.0
0.11482253086419755,0.006011218553596476
2.235362268780015,0.13351558485371395
16.68476855355046,1.0513255057579327
74.12896439365696,4.446864257708722
252.18575623747134,15.048972553824411
689.129723376948,41.90941664214427
1813.1600160725345,107.63669559051382
3951.3345079192186,230.64178014679976
8463.331650620232,484.8993373438881
16155.414912560873,999.5952360811791
28991.349090207652,1853.5041292672936
49390.32624133554,3094.3854528052643
76667.68486252162,4843.517523369521
124299.9787100156,8065.819816052292
198324.760175677,13946.420901390042
293476.46241904225,20536.69809704328
437458.41220356245,30081.128246973207
643636.0642523813,46429.82185056003
910579.3208167816,67387.82096293614
1.2405870911004192e6,71636.46565780793
