amp,std
0.0,0.0
0.1044701646090535,0.006057580157112424
2.1991011131289517,0.1328718183331845
16.558776332024774,0.9751178352018394
74.32231626680093,4.214296559372653
251.4632898674451,14.694108669833316
703.6024470694488,41.12799344621449
1703.5671715630979,102.38104930977298
3999.649442974892,243.85111110147508
8264.139286148773,517.8143933123191
15589.804015965306,1016.5840484184512
27399.836313007683,1791.3420506686452
48868.474809463005,3166.6250154845056
79829.71595839833,5119.027505349194
125635.29763371719,8475.739087774464
198435.37527520457,13695.285407016874
319406.1235179425,22628.530899072008
456519.738713222,32057.982613848224
655467.4309618254,46500.504717574855
949762.5349661572,69691.2986513495
1.334651001255243e6,73336.16232538983
