amp,std
0.0,0.0
3.119811778403314e-7,5.514903457487905e-9
7.566378524268386e-7,1.5331187618211672e-8
1.1206033599971659e-6,2.500417681866652e-8
1.4051058206629903e-6,3.3282356612315116e-8
1.616767330776814e-6,4.111631159607042e-8
1.7840189833682094e-6,4.786686062386287e-8
1.9165286647812837e-6,5.3016162057955134e-8
2.0190343980042908e-6,5.842644677298313e-8
2.1078934684467847e-6,6.321609537467706e-8
2.1826600688053647e-6,6.731261453206252e-8
2.2443812524152044e-6,7.089168110174933e-8
2.2944756625788706e-6,7.478042048358329e-8
2.3386020777502062e-6,7.821821642541928e-8
2.372572875698252e-6,8.072555185919621e-8
2.407567259711752e-6,8.430233657214595e-8
2.4379430123810566e-6,8.683754972114455e-8
2.459123092926075e-6,8.872454561506221e-8
2.483277574312226e-6,9.084499762021177e-8
2.5005133587702668e-6,9.244317212676142e-8
2.521051290721397e-6,9.481223890818693e-8
