amp,std
0.0,0.0
2.2168459941177565e-6,3.586755337040397e-9
1.0369942771805344e-5,1.9668578844346857e-8
2.716344234748957e-5,5.4444901735668384e-8
5.348525883325476e-5,1.1146936511859096e-7
9.08824720855815e-5,1.9729661942020798e-7
0.00013945896410485904,3.174889134114568e-7
0.00019947555784022484,4.767780669561241e-7
0.0002709640364422168,6.815448342874853e-7
0.000353161949753842,9.351301705051454e-7
0.0004452963283332768,1.237737764462262e-6
0.0005475650259083164,1.601204822241785e-6
0.0006592125304552013,2.021189896321951e-6
0.000778904290014803,2.504284064781357e-6
0.0009065422309307184,3.044207191095093e-6
0.0010416372360989952,3.657180417632687e-6
0.001184995682541681,4.338177100538563e-6
0.001335841954009312,5.094416735599471e-6
0.0014918927785924699,5.9235662369157945e-6
0.0016518650435852005,6.803788644534879e-6
0.0018190456935090024,7.766526208607088e-6
