amp,std
0.0,0.0
2.217027743254974e-6,3.572693345175252e-9
1.0356134341831408e-5,1.9702807172589123e-8
2.718191610541886e-5,5.445559615111757e-8
5.349149816552944e-5,1.1174912964418451e-7
9.102412335904202e-5,1.9869439628987135e-7
0.00013931682639161237,3.182157772117384e-7
0.0001995001577884973,4.782560622299534e-7
0.0002708291616990193,6.818718454401433e-7
0.0003526115698064254,9.340258294613877e-7
0.0004451887390986153,1.239768528719536e-6
0.0005471647862120428,1.6001372670319237e-6
0.0006593399104820066,2.0220621856466025e-6
0.0007794799394335881,2.5025918348306617e-6
0.0009086427967818468,3.0491802674191577e-6
0.0010456144192238748,3.662654712152019e-6
0.001189564429090742,4.346582162096333e-6
0.001339222525635939,5.090397232783538e-6
0.0014949814332325172,5.9032434251068845e-6
0.0016567485455864916,6.797535210757572e-6
0.0018241252084121053,7.766653570951331e-6
