amp,std
0.0,0.0
1.0531459647385337e-6,1.5090293240353752e-9
3.268489095672352e-6,5.6495124433081116e-9
5.972187353554221e-6,1.1567596677077793e-8
8.804684239079834e-6,1.8599758819318297e-8
1.167193955118706e-5,2.6752697312613302e-8
1.4464062073423993e-5,3.560354461001625e-8
1.718086501040776e-5,4.521875270622393e-8
1.9754124266469213e-5,5.521873059192155e-8
2.2188779844241455e-5,6.552029555144836e-8
2.4479632447918245e-5,7.595204256648743e-8
2.6659794110298352e-5,8.679206037347293e-8
2.8717791464458895e-5,9.770459897075428e-8
3.06583630759885e-5,1.0881076641177376e-7
3.2480139021947234e-5,1.1980388011079566e-7
3.4197452639198866e-5,1.311660418485667e-7
3.581308336309855e-5,1.422225232045572e-7
3.734216327294921e-5,1.5344372000918882e-7
3.87745100630674e-5,1.641392611254047e-7
4.013491995879365e-5,1.7502847145227336e-7
4.140773407681213e-5,1.858795425634739e-7
