amp,std
0.0,0.0
1.0519692985244566e-6,1.50934391834887e-9
3.2748027097013445e-6,5.653555795210791e-9
5.980958704162872e-6,1.1564392362389933e-8
8.821763092019004e-6,1.8638453057759934e-8
1.1681292907229521e-5,2.6808469051082563e-8
1.4466248832685754e-5,3.563394872369457e-8
1.7164959360378723e-5,4.516766475950264e-8
1.9727619890174777e-5,5.5127220857838505e-8
2.2179043118763902e-5,6.556420510351508e-8
2.450474869301135e-5,7.623958345922595e-8
2.6678332780072105e-5,8.710399478423324e-8
2.8727025416765566e-5,9.793526926752159e-8
3.065054961849362e-5,1.0889242443751035e-7
3.247924143599947e-5,1.2013982405643565e-7
3.418400113516601e-5,1.310691834822666e-7
3.578196098984317e-5,1.4190483993247422e-7
3.7311459444220945e-5,1.5283693673408125e-7
3.872944595904797e-5,1.6354216375392746e-7
4.008690637365356e-5,1.7459873369476212e-7
4.137088885332472e-5,1.8530299632876317e-7
