amp,std
0.0,0.0
1.0535812608638994e-6,1.5037077521294645e-9
3.2630835458544395e-6,5.643856141176837e-9
5.9632636335063815e-6,1.1562393950830308e-8
8.787284816444505e-6,1.85654680136553e-8
1.1645721628154311e-5,2.6672734820382688e-8
1.4413966000554315e-5,3.542016615490096e-8
1.7114348464029983e-5,4.497707087414641e-8
1.968470090930596e-5,5.499439570428276e-8
2.2136371753376102e-5,6.545693192545254e-8
2.4459973079316388e-5,7.610327974101631e-8
2.665871424080732e-5,8.704687005302855e-8
2.871859471513255e-5,9.817549568340345e-8
3.064184104692833e-5,1.0906055078042835e-7
3.245497443510968e-5,1.1993592786518872e-7
3.41637226912874e-5,1.308655241937043e-7
3.576665538331893e-5,1.4182331252185274e-7
3.729364127722065e-5,1.5309429373451734e-7
3.87266765492265e-5,1.639904258168384e-7
4.009672221501137e-5,1.7512623914763358e-7
4.136660461182792e-5,1.856953545001996e-7
