amp,std
0.0,0.0
1.0548202484000677e-6,1.497935635582858e-9
3.279527126988805e-6,5.653053563556414e-9
5.9852255709508336e-6,1.157512603290225e-8
8.818688650474325e-6,1.862562662007525e-8
1.1678172426514318e-5,2.6731569189442673e-8
1.4479890884272388e-5,3.56301242149026e-8
1.716391338392855e-5,4.5065845887295336e-8
1.9721377728767765e-5,5.483961203370074e-8
2.218104408323903e-5,6.533883456215773e-8
2.4491423089072152e-5,7.594477119178742e-8
2.6651909508970788e-5,8.655160330879033e-8
2.8727521666966136e-5,9.763694523751007e-8
3.065839409241363e-5,1.0874947417250502e-7
3.246610632408603e-5,1.1957318855869322e-7
3.41863908901897e-5,1.3062320059610886e-7
3.57928326788902e-5,1.4156682604811676e-7
3.729768533833651e-5,1.5234719803639003e-7
3.873767918669975e-5,1.6320288145791313e-7
4.008106819665355e-5,1.7384756543286136e-7
4.136886424645291e-5,1.8464857503504027e-7
