amp,std
0.0,0.0
8.716079823493329e-7,4.084660234415096e-9
2.5319362408377753e-6,1.4275549724162358e-8
4.306230300373404e-6,2.7310248312298974e-8
5.954561613430563e-6,4.125565233466589e-8
7.432102377042904e-6,5.5267970555614755e-8
8.758079506007248e-6,6.954395686423076e-8
9.927805473754293e-6,8.337020021948132e-8
1.0971257848102015e-5,9.727001666754006e-8
1.1895208457941866e-5,1.1080018348263533e-7
1.2693198753794952e-5,1.235790732497287e-7
1.340920344660638e-5,1.3615332642272194e-7
1.4053226406099285e-5,1.4869504991828985e-7
1.461431308114792e-5,1.5987539857726755e-7
1.514356734911103e-5,1.7086825960465302e-7
1.5604937612758916e-5,1.8177877629712466e-7
1.6035338393733595e-5,1.920383863829862e-7
1.6416440630347862e-5,2.019797246447233e-7
1.6769101807206303e-5,2.1190647408859268e-7
1.7068060855094103e-5,2.2014122250338096e-7
1.7353160961711504e-5,2.2904864225729142e-7
