amp,std
0.0,0.0
-3.0224601717111208e-18,1.128191302439038e-19
-4.878196807026088e-18,2.875906501460966e-19
-5.312699455589893e-18,3.489708472081195e-19
-5.385293033141848e-18,3.611795118473439e-19
