amp,std
0.0,0.0
1.0629444444444447,0.014962282295707324
5.253642939814815,0.08355468521658876
14.110301597222222,0.23950674651179907
28.71376065145503,0.5097863266470823
51.690770923563875,0.9681138644555085
83.38296225722003,1.623382673943177
124.65640533607903,2.5140804124368175
174.82850129669663,3.643334243998492
242.2071224666795,5.127091719531074
326.8899951440851,7.325282301097559
427.93661821076137,9.790574169987933
537.0870255111777,12.664123080928352
679.755856349579,16.9476081989711
833.5371181736532,20.888971107310105
1009.7482590107936,26.541540549672355
1203.4489382849097,31.955115840504696
1434.0482348719618,38.93735624341725
1675.3515156354097,46.20475183469194
1939.7408337446195,54.071619037466355
2231.840668318391,62.196154810205364
