amp,std
0.0,0.0
1.5688913635288921,0.024767782185534628
9.873524533210734,0.18081097243809163
32.671672144281,0.6000962084834334
77.6181124675401,1.453462361495164
162.90155818648174,2.9979812722634858
291.8749592910777,5.5092556748923
500.39769063120565,9.473365620824392
789.1694731234697,15.161137558364933
1198.6548883186426,23.817589879866023
1726.8637547022836,34.502459646356925
2437.0146975142547,49.41926138331765
3344.6525794029953,67.9652709175207
4493.501642502826,91.92255770467419
5843.370507506235,121.72179279528126
7522.058500910865,160.93103456370625
9650.938708867961,215.14981160298612
12013.646312216586,270.897709796696
14756.521855092076,337.0344084194288
18111.74526567512,426.9879295570058
21922.52760827265,523.6988868552027
