amp,std
0.0,0.0
1.0607483060523244e-6,1.5099126163384942e-9
3.3054992577729914e-6,5.6899848700364355e-9
6.079301521009631e-6,1.1736549672217496e-8
9.002045798520713e-6,1.896667038673158e-8
1.1978387747447954e-5,2.7422899442793595e-8
1.4897479323143994e-5,3.662228378622931e-8
1.7760484944024552e-5,4.661137642258917e-8
2.0501585239994584e-5,5.710827303048154e-8
2.312215271019247e-5,6.820374845042615e-8
2.5604462306341542e-5,7.948201227697703e-8
2.7949643379352408e-5,9.112367852773763e-8
3.017451810424364e-5,1.0286613485503962e-7
3.229326319344756e-5,1.1479786785883041e-7
3.4293690577128385e-5,1.267480840804924e-7
3.6210858150196906e-5,1.390305310320832e-7
3.7996955435148e-5,1.5122057241607308e-7
3.968463753512266e-5,1.6322071053366716e-7
4.129272300491552e-5,1.751822573588999e-7
4.283556434334102e-5,1.8740277611611335e-7
4.4277151147501555e-5,1.9929127781450146e-7
