amp,std
0.0,0.0
1.058331025104185e-6,4.796014164944352e-9
3.2977543287070408e-6,1.7942692377446684e-8
6.044863318848623e-6,3.6801726966284135e-8
8.988574139464147e-6,5.962659148936452e-8
1.1964989651443978e-5,8.581224587143469e-8
1.4819780174515355e-5,1.1394208909775399e-7
1.7665518176603203e-5,1.457660328261498e-7
2.0343800246939693e-5,1.7883076868614e-7
2.293566903029068e-5,2.136723502216782e-7
2.54007145260609e-5,2.4792818004314244e-7
2.7778846684815314e-5,2.839682390888438e-7
2.9994090248722366e-5,3.2095973877888315e-7
3.206658445787892e-5,3.573059811395572e-7
3.411485120015177e-5,3.9530323912626826e-7
3.602166986120893e-5,4.3297997711945565e-7
3.7784688946985855e-5,4.705488049762525e-7
3.9498584530782494e-5,5.08222636818864e-7
4.1077934408256e-5,5.4405437959891e-7
4.261771655586618e-5,5.807258664461332e-7
4.4066699471280086e-5,6.162477543066882e-7
