amp,std
0.0,0.0
1.0671027686216138e-6,4.88427050136964e-9
3.3105074735760063e-6,1.814104898030538e-8
6.068276908256265e-6,3.721111925243658e-8
8.958157346327443e-6,5.984957086560016e-8
1.1926704948694328e-5,8.636039017075514e-8
1.4840131027918879e-5,1.1540583615180369e-7
1.7702279692321733e-5,1.4724783928811836e-7
2.0464744451066977e-5,1.8135053855853322e-7
2.3034226456081558e-5,2.1525876103071208e-7
2.5471230558881273e-5,2.4942277305250373e-7
2.7726623239649357e-5,2.8489619342462013e-7
3.0013422615942478e-5,3.2353378910161803e-7
3.2138890087784425e-5,3.6062417725981197e-7
3.4107636216752584e-5,3.9640244478966314e-7
3.599655140082121e-5,4.3386919748522934e-7
3.7752207477576624e-5,4.699266702974653e-7
3.94943032442427e-5,5.078593655257409e-7
4.108095102553125e-5,5.462192373314859e-7
4.256971100022639e-5,5.831231968205753e-7
4.4027580521943956e-5,6.256280412857081e-7
