amp,std
0.0,0.0
-1.4409483200228833e-17,5.275204691021026e-19
-2.5981551650243655e-17,1.5442885433416675e-18
-2.903179989620315e-17,1.9149704181173435e-18
-2.959021570752825e-17,1.9763611506115037e-18
