amp,std
0.0,0.0
6.024457206107409e-19,5.89782061270699e-20
1.0271647058686067e-18,1.3600638327913113e-19
1.117206065141002e-18,1.592960660475326e-19
1.1390051213585392e-18,1.6923829769236182e-19
