amp,std
0.0,0.0
2.216932886419512e-6,3.586639281521075e-9
1.0325986166706583e-5,1.9674946436833408e-8
2.7180896343412288e-5,5.4378996641068587e-8
5.353272749496863e-5,1.113277334768767e-7
9.096030686995335e-5,1.9754006414098882e-7
0.0001395579101006317,3.1812839483603004e-7
0.00019954704279848498,4.770460626523579e-7
0.0002707421242616608,6.810722044314803e-7
0.00035300201218007985,9.352632812364695e-7
0.0004450045048420522,1.2373443210388722e-6
0.0005472021580659099,1.599691976933891e-6
0.0006590310549215444,2.020114023561307e-6
0.0007784840130091757,2.4985979410288823e-6
0.0009059343007553689,3.0381562256295796e-6
0.0010411160640532559,3.650150545944165e-6
0.0011844832833528434,4.328591649550323e-6
0.0013343887242932809,5.073863966390598e-6
0.0014903982937799552,5.895445164207403e-6
0.001649957703684496,6.773405766403974e-6
0.0018172004955101506,7.738526495729376e-6
