amp,std
0.0,0.0
2.215317734867096e-6,3.576448065152314e-9
1.0327830011211699e-5,1.962779637137429e-8
2.7170736360450052e-5,5.437650695387887e-8
5.365835204942362e-5,1.1206192268801217e-7
9.127055585075964e-5,1.9951868160675904e-7
0.000139933982612529,3.1974383551355795e-7
0.00019981890572335758,4.78458765586191e-7
0.00027085930902890693,6.822573716512201e-7
0.0003531689214441637,9.357197253522034e-7
0.00044616157290685394,1.2432133132380837e-6
0.0005484492827507636,1.604659605067636e-6
0.0006603448295561955,2.0236218823368603e-6
0.0007803517419748975,2.50606801953379e-6
0.0009091740082086469,3.050003821841471e-6
0.0010449843914717102,3.661348168791925e-6
0.0011883270153687463,4.340513782070996e-6
0.0013377019081978313,5.082944177557582e-6
0.0014944679833036793,5.911900153890297e-6
0.0016562764787062271,6.802394238425302e-6
0.0018218838075481198,7.752612748913217e-6
